お客様名(漢字フルネーム),アポインター名,クローザー名,商品,販売価格,エリア,その他,送信者,タイムスタンプ,キントーン入力,営業推進メンション,後確希望時間,不備その他
伊藤拓馬,山口裕馬,佐々木蓮,"スマートマルチ13特定
キューブJ","2,530,000",関東,,佐々木蓮HY,2026/10/10 13:00:23,TRUE,TRUE,10/11  １７時から１７時半,
塚本洋子,若山峻護,井上務,"DMM蓄電池7kwh
蓄電池メーカー20年延長保証
コロナエコキュート","2,354,000",東海,"施工店:ワールド電化
常滑市補助金
給湯器補助金",井上務_Ambitious株式会社,2026/10/09 18:18:56,TRUE,TRUE,10/12(月)18:00-19:00,保留：クーオフ説明なし
大竹 毅様(つよし),横山藍己,板倉崇晃,"シャープ蓄電池7.7ハイブリッド全負荷
パナソニックエコキュート
パナソニックIH
","2,980,000円",東海,,板倉崇晃 ゼニソ,2026/09/26 19:47:03,TRUE,TRUE,10/14中折電まち,
森本敏裕,三好雄太,星崎政和,"蓄電池長州産業13
特定負荷
メーカー保証20
エコキュートコロナ370","2,420,000",東海,"テクノホーム
補助金常滑市　エコキュート",星崎政和_Ambitious株式会社,2026/09/21 9:35:20,TRUE,TRUE,"10/9　18：30-
18：47",
米永由美子,大塚祝桜,横田哲士,DMM14.3kwh ヘムス,2200000,関東,,横田哲士_LIVIONpartners,2026/08/30 13:49:26,TRUE,FALSE,メールなし,
高森秀美,辻坂修太朗,鈴木隆輔,"パナソニックパワコン4.0
コロナエコキュート370","1,430,000",東海,,鈴木隆輔,2026/08/30 17:45:58,TRUE,FALSE,メールなし,
林哲生,伊井大陽,横田哲士,ニチコン19.9 T6 ヘムス,2970000,関東,,横田哲士_LIVIONpartners,2026/09/02 12:21:26,TRUE,FALSE,メールなし,
永田章夫,岡元莉輝,小林祐真,"パワーデポR 13.0kwhハイブリッド
自社5年延長保証
ダイキンエコキュート460","¥2,640,000税込",東海,知り合いで見積もり取りたいアウトがかなり重く、粗利少なくて申し訳です！,小林祐真_Ambitious株式会社,2026/09/09 22:28:01,TRUE,FALSE,メールなし,
武藤健一郎,大原颯太,横田哲士,DMM14.3,2200000,関東,,横田哲士_LIVIONpartners,2026/09/13 16:31:15,TRUE,FALSE,メールなし,
圷博,野口英貴,横田哲士,DMM14.3 ヘムス,2200000,関東,"太陽光が5枚しかなくほぼ消費しきってましたが、なんとか💦
アポありがとうございました！",横田哲士_LIVIONpartners,2026/09/22 10:51:02,TRUE,FALSE,メールなし,
大熊昭雄,五十嵐聖,横田哲士,SHARP15.4 ヘムス,2530000,関東,"経済メリット4万しかなったですが、寿命と災害の話をしてなんとか成約です！
連日アポイントありがとうございます！",横田哲士_LIVIONpartners,2026/09/23 16:33:42,TRUE,FALSE,メールなし,
我如古 敏雄,大城 翔太,伊木 裕二,住友電工 蓄電池 7.7KWh,"1,980,000",沖縄,,伊木裕二_Corest home,2026/09/23 19:19:17,TRUE,FALSE,メールなし,
川津章,篠優,伊藤圭佑,"ニチコン蓄電池19.9kwh
CUBE J","2,750,000",関東,,伊藤圭佑_HY,2026/09/30 15:42:11,TRUE,FALSE,メールなし,
藤田仁,野口英貴,横田哲士,SHARP蓄電池15.4 ヘムス,2640000,関東,"主人だけだったので奥様確認が心配ですが、大丈夫でしょう！
アポイントありがとうございました！",横田哲士_LIVIONpartners,2026/10/02 10:40:28,TRUE,FALSE,メールなし,
渡辺佳美,伊井大陽,横田哲士,"AIKOソーラー5.85kW
ニチコン19.9kwh ",4060000,関東,,横田哲士_LIVIONpartners,2026/10/03 14:15:40,TRUE,FALSE,メールなし,
亀田竜二,尾関鎮,白方 誠人,"SHARP7.7kw全負荷
自社含む20年保証
コロナエコキュート薄型370
延長10年保証","2,585,000",東海,,（株）ベスティブロ　白方 誠人,2026/10/06 14:27:40,TRUE,FALSE,メールなし,
古賀清典,岡元莉輝,小林祐真,"SHARP蓄電池7.7kwh
日立IH60cm","¥2,530,000",東海,奥さん即決のためにIHつけてしまった🙏,小林祐真_Ambitious株式会社,2026/10/10 15:13:23,FALSE,FALSE,メールなし,
杉山幸一,鈴木崇,一木亮太,"2,940,000",ニチコン蓄電池19.9,関東,,一木亮太　HY,2026/10/03 22:42:11,TRUE,TRUE,再度指定待ち,"娘様完了
本人様保留
契約についてご理解いただいていない"
池田武史,伊藤圭佑,伊藤圭佑,"ニチコン19.9kwh 新設
CUBE J","3,080,000",関東,,伊藤圭佑_HY,2026/10/02 11:56:49,TRUE,TRUE,,正しくは、石田武史
實方準一,佐野允秋,佐々木蓮,"シャープ15.4
HEMS
パワーコンディショナー5.5✖️2
コロナエコキュート370","4,983,000",関東,,佐々木蓮HY,2026/10/09 16:09:55,TRUE,TRUE,,"・売買契約書：HEMS品番相違
→「JH-R0B1」に見えますので「JH-RVB1」に訂正をお願いいたします。

・売買契約書：コロナEQ品番相違
→「AZ1型」は終売のため、「AZ2型」へと移行しております。品番の訂正をお願いいたします。"
山根通男,佐野允秋,伊藤圭佑,"ニチコン19.9kwh 付替
自社5年保証
CUBE J","3,080,000",関東,ナイスアポありがとうございます❤️‍🔥❤️‍🔥,伊藤圭佑_HY,2026/10/09 18:30:10,TRUE,TRUE,,
黒川栄史様,横山藍己,板倉崇晃,"パワーデポ13kwhハイブリッド全負荷
パナソニックエコキュート
パナソニックIH","3,780,000円",東海,"大府市補助金15万円
エコキュート10万円
エコキュート入替ですが、位置が高いため、クレーンが必要かもしれません。",板倉崇晃 ゼニソ,2026/09/18 18:43:38,TRUE,TRUE,,
仲間 仁昭,井本 優良,伊木 裕二,"カナディアン蓄電池 9.9
三菱エコキュート370L",2486000,沖縄,,伊木裕二_Corest home,2026/10/08 17:43:40,TRUE,TRUE,,保留：ホットラインカードのお渡しなし
比嘉 麻衣子,大城 翔太,伊木 裕二,"カナディアンソーラー 蓄電池13.3kWh
三菱IH60cm ","3,150,000",沖縄,蓄電池5年延長保証,伊木裕二_Corest home,2026/10/05 16:01:02,TRUE,TRUE,,
中野　久行,富田健斗,徳永優太,"シャープパワコン
コロナエコキュート370L","1,265,000",四国,,徳永優太_forme works,2026/09/25 20:22:32,TRUE,TRUE,,
大園浩一郎,池田康彦,久保海飛,"長州13kwh特定負荷
メーカー20年保証
CUBE J
コロナエコキュート460","2,640,000",関東,"審査だけ祈りましょう！
まさかの地元一緒でした！
夫婦両面のナイスアポです！",久保海飛_Ambitious株式会社,2026/10/08 18:04:34,TRUE,TRUE,,
森田泰治様,辻坂修太朗,横山豪,住友電工パワーデポR13.0kwh、コロナエコキュート460L,"2,740,000",東海,粘り勝ち！！ナイスアポ！,横山豪_スマートハウス推進統括本部,2026/10/08 13:11:32,TRUE,TRUE,,
石井智秀,伊井太陽,久保海飛,"ニチコン19.9
自社5年延長保証
CUBEJ","2,970,000",関東,"夫婦両面のナイスアポです！
親戚で設置されてたので確認祈りましょう！",久保海飛_Ambitious株式会社,2026/10/08 11:17:28,TRUE,TRUE,,
河野三郎,野口英貴,横田哲士,ニチコン19.9 ヘムス,2750000,関東,なかなかイカついアポでしたが、信頼で勝ち取りました🔥,横田哲士_LIVIONpartners,2026/10/07 18:38:24,TRUE,FALSE,,
澤井武史様,横山豪,横山豪,長州産業蓄電池6.3kwh,"2,100,000",東海,,横山豪_スマートハウス推進統括本部,2026/09/13 21:11:50,TRUE,TRUE,,
伊藤善也,辻坂修太朗,鈴木隆輔,"DMM蓄電池21キロ20年保証
パワコン単体
パナソニックEVスタンド","¥3,740,000",東海,,鈴木隆輔,2026/10/04 13:02:41,TRUE,TRUE,,
大橋資広様,樋田蒼生,御船正己,"長州蓄電池13.0キロ
ハイブリッド特定負荷
メーカー20年保証
コロナエコキュート370L薄型",4455000,東海,施工店ワールド電化,御船正己_Ambitious株式会社,2026/10/05 21:58:23,TRUE,TRUE,,"保留
冒頭にてクーリングオフ希望"
盛岡浩美,中川魁人,久保海飛,"長州13kwh特定負荷
メーカー20年保証
CUBE J","2,805,000",関東,いいアポだった！！,久保海飛_Ambitious株式会社,2026/10/07 11:47:03,TRUE,TRUE,,
澤畠正浩,伊井太陽,野中大生,長州12.7,2320000,関東,専門の業者捲りなので粗利低めです,野中大生,2026/09/13 15:20:05,TRUE,TRUE,,
橘省吾,大橋飛翔,久保海飛,"長州パネル3.7kw
長州蓄電池9.7kwh
メーカー20年保証","3,080,000",関東,"催事創蓄案件！！
4時間半粘り勝ちでした！
粗利薄くて申し訳ないです🙇‍♂️",久保海飛_Ambitious株式会社,2026/10/07 0:21:13,TRUE,TRUE,,
阿部 治,佐藤 大,髙林 大夢,DMM蓄電池14kw,"2,860,000",東北,,高林 大夢_LeadMore,2026/09/21 12:08:42,TRUE,TRUE,,
杉浦仁,吉田悠太,井上務,"長州産業蓄電池全負荷13kwh
太陽光パワコン","2,860,000",東海,"施工店:ワールド電化
メーカー20年保証",井上務_Ambitious株式会社,2026/10/05 18:09:06,TRUE,TRUE,,
成澤一之,佐野允秋,佐々木蓮,"ニチコン19.9
キューブJ","3,300,000",関東,,佐々木蓮HY,2026/10/03 13:21:35,TRUE,TRUE,,
桐野俊二,尾関鎮,川上留以,長州蓄電池9.7kwh特定負荷ハイブリッド ダイキンエコキュート370,"2,244,000円",東海,"粗利薄くなってすみません🙏
当日アポありがとうございます！",川上 留以_スマートハウス推進統括本部,2026/10/04 20:04:02,TRUE,TRUE,,
筒井貴雄,木村瞭太,横山豪,長州産業蓄電池13kwh20年,"2,970,000",東海,,横山豪_スマートハウス推進統括本部,2026/10/05 16:35:49,TRUE,TRUE,,
杉山英樹,冨澤彪,伊藤圭佑,"SHARP蓄電池 15.4kwh新設
自社10年保証
HEMS","2,860,000",関東,両面テーブルの最高なアポありがとうございます❤️‍🔥❤️‍🔥,伊藤圭佑_HY,2026/10/04 12:24:46,TRUE,TRUE,,
塚田遥,佐野允秋,佐々木蓮,"ニチコン19.9
キューブJ","3,630,000",関東,,佐々木蓮HY,2026/10/04 17:30:38,TRUE,TRUE,,
渡邉浩,佐々木蓮,佐々木蓮,"スマートマルチ12.7
cube J
コロナエコキュート370
三菱IH
エコキュート自社延長8年保証
IH自社延長8年保証","3,487,000",関東,,佐々木蓮HY,2026/09/24 21:50:06,TRUE,TRUE,,
島田篤,濱田真之介,伊藤圭佑,"長州産業蓄電池　13kwh特定負荷　新設
自社5年保証
CUBE J","2,640,000",関東,"聞く体勢ばっちりの素晴らしいアポだった！！
初契約おめでとう🎉🎈🎊",伊藤圭佑_HY,2026/10/04 19:04:27,TRUE,TRUE,,
木村絢子様,吉田悠太,横山豪,DMM蓄電池14kwhメーカー10年保証自社10年、日立IH,"2,750,000",東海,"聞く姿勢バッチリの優しいご夫婦様でした！
アポありがとうございました！",横山豪_スマートハウス推進統括本部,2026/09/28 19:42:45,TRUE,TRUE,,"銀行審査可決後に後確
指定待ち"
小椋京子,佐々木蓮,佐々木蓮,"ニチコン19.9
キューブJ","3,234,000",関東,,佐々木蓮HY,2026/10/04 15:26:17,TRUE,TRUE,,
田中秀幸,藤田千絢,徳永優太,DMM14kw メーカー20年保証,"2,310,000",四国,,徳永優太_forme works,2026/10/04 18:49:18,TRUE,TRUE,,
江端勝,上田洋平,星崎政和,"長州蓄電池13
全負荷
メーカー保証20",2420000,東海,テクノホーム　補助金知多市,星崎政和_Ambitious株式会社,2026/10/04 17:36:58,TRUE,TRUE,,
佐藤祐一,伊井太陽,久保海飛,"シャープ15.4
HEMS
自社5年延長保証
コロナエコキュート460","3,190,000",関東,"伊井君が上手くとってくれたおかげで決まりました！
奥様確認だけ祈りましょう！多分大丈夫です！",久保海飛_Ambitious株式会社,2026/10/04 17:24:16,TRUE,TRUE,,
野口幸恵,伊井太陽,野中大生,長州13特定,2200000,関東,"専属のエコシステムをスマートハウスで捲るつもりが日本エコシステムの仕切りの安さに全然勝てませんでしたが契約は巻きました。

キャンセル覚悟ですがなんとか！！",野中大生,2026/10/04 16:48:17,TRUE,FALSE,,
遠藤 和篤,武本 遼,髙林 大夢,DMM蓄電池14kw,"3,190,000",東北,先ほどのアポインター名誤り訂正,高林 大夢_LeadMore,2026/10/04 16:46:12,TRUE,TRUE,,
遠藤 和篤,胡木 真吾,髙林 大夢,DMM蓄電池14kw,"3,190,000",東北,,高林 大夢_LeadMore,2026/10/04 16:42:49,TRUE,TRUE,,
町田肇,塚本静菜,石川平馬,長州蓄電池12.7、長州太陽光パネル,"3,080,000",関東,,石川平馬,2026/09/27 18:57:42,TRUE,TRUE,,
堀誠,野口英貴,横田哲士,長州蓄電池13kwh 全負荷,2750000,関東,,横田哲士_LIVIONpartners,2026/10/04 12:04:58,TRUE,TRUE,,
朝倉順子,樋田　蒼生,星崎政和,"SHARP蓄電池9.5
全負荷
メーカー10年保証　自社延長保証10年　合計20年
HEMS",2805000,東海,テクノホーム　刈谷市補助金,星崎政和_Ambitious株式会社,2026/10/04 14:25:26,TRUE,FALSE,,
今野　斎様,信國謙太朗,熊谷康佑,"DMM蓄電池7kwh
自社10年延長保証
コロナエコキュート460L",3080000,東北,,熊谷康佑_LeadMore,2026/10/04 14:14:39,TRUE,FALSE,,
大倉雄一,由地光輝,武田功平,"SHARPパネル8.0520kW
SHARP蓄電池9.5kW
HEMS","3,700,000",北海道,"10月1発目！
盛り上げていきましょ！！",武田 功平,2026/10/04 13:24:43,TRUE,TRUE,,
川上眞奈美,原口慎太郎,井本優良,ニチコン19.9kwh 自社5年,"2,970,000円",関東,,井本優良　HY株式会社,2026/10/03 14:01:57,TRUE,FALSE,,
宮川博,一木亮太,一木亮太,コロナエコキュート370L薄型,"1,210,000",関東,,一木亮太　HY,2026/10/03 23:13:08,TRUE,TRUE,,
橋本知加子,込山大貴,山口裕馬,パワーコンディショナー5.5付け替え,605000,関東,すまん、パワコンのみ！こみちゃん。ナイスアポ🔥,山口裕馬_HY,2026/10/03 14:55:51,TRUE,TRUE,,
成瀬 拓也,信國 謙太朗,髙林 大夢,DMM蓄電池14kw,"2,800,000",東北,,高林 大夢_LeadMore,2026/09/05 16:59:02,TRUE,FALSE,,
神山 康成,山城 輝人,伊木 裕二,住友電工 蓄電池7.7kWh,"2,376,000",沖縄,蓄電池5年延長保証,伊木裕二_Corest home,2026/07/22 20:01:11,TRUE,TRUE,,不備：商品の金額が0円表記
岩澤正,佐野允秋,佐々木蓮,"スマートマルチ12.7全負荷
cube J","2,585,000",関東,,佐々木蓮HY,2026/09/27 22:33:04,TRUE,TRUE,,
藤田太様,百瀬遥輝,川上留以,長州蓄電池13kwh全負荷ハイブリッド　パワコン単体,"2,750,000円",東海,,川上 留以_スマートハウス推進統括本部,2026/09/28 18:35:19,TRUE,TRUE,,"売買契約書に変更があるため再確が必要
再指定待ち"
遠山裕誠,小野龍一,橋口航大,"長州産業9.8kwh全負荷HYB
メーカー保証20年","2,100,000",九州,"🌋九州開幕1本目🌋

体調不良により先日リスケされても
ポカリを渡しにいき商談に繋がった魂アポ。

終始、玄関先商談だったけど
最後は何とか価格勝負して契約🤝🏻

まだ金利次第ではわからないお客様
だからしっかりフォローアップしよう。

どんなアポでも全力で決めるので
これからもよろしく！",橋口航大_スマートハウス推進統括本部,2026/10/02 19:12:04,TRUE,TRUE,,"不備
・金額計算合わない"
藤原潤様,長井登和,板倉崇晃,"シャープ蓄電池7.7全負荷
パナソニックエコキュート
パナソニックIH","3,360,000円",東海,,板倉崇晃 ゼニソ,2026/10/03 18:52:34,TRUE,TRUE,,不出、再指定待ち
酒田真一郎,伊井大陽,石川平馬,長州蓄電池13キロ特定負荷,2420000,関東,ハウスメーカーで補助金の返還金90万くらいありましたが、なんとか成約です！とても優しいご夫婦で聞く体制バッチリでした！今後ともよろしくお願いいたします！,石川平馬,2026/10/03 17:08:05,TRUE,TRUE,,不出、再指定待ち
猪口勇,中野皓雅,伊藤圭佑,"DMM蓄電池14kwh
CUBE J","2,277,000",関東,"流石のアポ質でした！
粗利少なくてごめんなさい🙏
初契約おめでとう㊗️🎊🍾",伊藤圭佑_HY,2026/09/25 13:32:24,TRUE,TRUE,,
神津信一,山口裕馬,山口裕馬,"ニチコン19.9
キューブJ
自社20年保証付き",2882000,関東,,山口裕馬_HY,2026/10/03 17:13:08,TRUE,TRUE,,
薬師寺 浩雄,一ノ瀬文哉,野中大生,長州13特定,2420000,関東,,野中大生,2026/10/03 11:15:17,TRUE,TRUE,,
田村直樹,ハマダユウタ,野中大生,ニチコン14.9 aiko9.9,4400000,関東,,野中大生,2026/10/03 14:47:19,TRUE,TRUE,,
伊藤清弘,上田洋平,小林祐真,"SHARP蓄電池7.7kwh全負荷
自社5年延長保証","¥2,310,000税込",東海,"付替！セキスイじゃないところで初めてやってくれるみたいです！
ニーズに合わせたナイスアポです❗️❗️",小林祐真_Ambitious株式会社,2026/10/03 14:34:32,TRUE,TRUE,,
小澤儀徳,小林巧,久保海飛,"ニチコン19.9
自社5年延長保証
CUBEJ","2,970,000",関東,"夫婦両面のナイスアポ！
小林君が一生懸命話してたから聞いたみたい！
ニチコン続きでごめん🙇‍♂️",久保海飛_Ambitious株式会社,2026/10/03 14:13:25,TRUE,TRUE,,
村越吏,杉山大樹,若井勇人,"長州パネル2kw
長州蓄電池6.5kw 特定負荷
メーカー保証15年","¥3,000,000",関東,,若井勇人_STORIA,2026/07/18 17:09:15,TRUE,TRUE,,
佐藤繁樹,吉田龍吾,川上留以,シャープ15.4kwh全負荷ハイブリッド,"3,080,000円",東海,,川上 留以_スマートハウス推進統括本部,2026/10/03 13:04:16,TRUE,TRUE,,
宮下明大様,平山沙羅(直販),阿部隆之介(STORIA),カナディアン太陽光6.5kw EP CUBE 9.9kwh ,"¥3,220,000",関東,,阿部隆之介_STORIA,2026/10/02 21:08:35,TRUE,TRUE,,
斎藤恵理子,篠優,伊藤圭佑,"ニチコン19.9kwh 入替
自社5年保証
CUBE J","2,970,000",関東,"聞く体勢ばっちりのアポありがとう！！
話しすぎた🙏",伊藤圭佑_HY,2026/09/08 0:06:14,TRUE,TRUE,,
樋口誠,一ノ瀬文哉,久保海飛,"シャープ15.4kwh
自社5年延長保証
HEMS
日立IH","2,805,000",関東,夫婦両面のナイスアポです！,久保海飛_Ambitious株式会社,2026/10/03 10:25:55,TRUE,TRUE,,
丸山和廣,佐野允秋,佐々木蓮,"ニチコン19.9
キューブJ","2,860,000",関東,,佐々木蓮HY,2026/10/02 19:23:47,TRUE,TRUE,,
本橋明夫,五十嵐聖,横田哲士,ニチコン19.9 ヘムス,3300000,関東,,横田哲士_LIVIONpartners,2026/10/02 16:53:51,TRUE,TRUE,,・売買契約書：工事代金合計未記入
中澤透,上田洋平,井上務,"長州蓄電池全負荷13kw 重塩害仕様
コロナエコキュート460L 重塩害仕様","2,970,000円",東海,"蓄電池メーカー20年保証
施工店ワールド電化
常滑市補助金
給湯器補助金",井上務_Ambitious株式会社,2026/10/01 20:09:41,TRUE,TRUE,,
長谷川義之,込山大義,山口裕馬,エコキュート三菱460,440000,関東,追加注文。,山口裕馬_HY,2026/10/02 15:11:02,TRUE,TRUE,,
神谷俊広,伊藤樹優,伊藤蓮,長州９.7 特定,2000000,東海,"再商談でなんとか！
10年以内に引っ越しが決まっており粗利薄いです🙇‍♂️",伊藤蓮_スマートハウス推進統括本部,2026/10/01 19:11:15,TRUE,TRUE,,
泊口昌,橋口航大,栗山裕仁,長府工産7.4kw 増設,"¥1,980,000",九州,,@栗山裕仁_JINNOVA,2026/07/01 13:08:52,TRUE,FALSE,,
,横山豪,横山豪,長州産業蓄電池12.7kwhメーカー20年保証,"¥2,750,000",東海,,@横山豪_スマートハウス推進統括本部,2026/07/01 20:12:32,TRUE,FALSE,,
,中川魁人,久保海飛,"長州12.7特定負荷
CUBEJ","¥2,640,000",関東,,@久保海飛 _Ambitious株式会社,2026/07/02 12:25:19,TRUE,FALSE,,
,伊藤蓮,伊藤蓮,"DMMで10kwh 全負荷
メーカー20年保証","¥1,870,000",東海,,@伊藤蓮_スマートハウス推進統括本部,2026/07/02 16:23:26,TRUE,FALSE,,
,北林勇哉,久保海飛,"DMM14.3
CUBEJ","¥2,640,000",関東,,@久保海飛 _Ambitious株式会社,2026/07/02 16:51:59,TRUE,FALSE,,
,安冨龍治,胡木真吾,長州産業パワコン,"¥660,000",東北,,@胡木真吾(株)GUIDANCE,2026/07/02 17:02:59,TRUE,FALSE,,
,藤田千絢,徳永優太,"長州6.5
メーカー20年保証
HEMS","¥1,760,000",四国,,@徳永優太_forme works,2026/07/03 13:21:00,TRUE,FALSE,,
,徳永優太,徳永優太,"長州産業蓄電池12.7 全負荷
HEMS","¥2,420,000",四国,,@徳永優太_forme works,2026/07/03 15:50:29,TRUE,FALSE,,
,村上拓也,林起基,"長州産業9.8特定負荷
メーカー20年保証
ダイキンエアコン","¥2,100,000",関東,,@林起基_G.WORTH,2026/07/03 19:04:35,TRUE,FALSE,,
,甲斐勇利,楢岡大樹,"ニチコン14.9
dmmパネル1.9kw
aikoソーラー2.7kw","¥3,520,000",関東,,@楢岡大樹_HY,2026/07/03 22:46:55,TRUE,FALSE,,
,横山豪,横山豪,SHARP蓄電池9.5kwh、HEMS,"¥2,420,000",東海,,@横山豪_スマートハウス推進統括本部,2026/07/04 10:42:42,TRUE,FALSE,,
,嶺山 創汰,高林 大夢,DMM蓄電池10kw、コロナエコキュート460L,"¥3,300,000",中国,,@高林 大夢_LeadMore,2026/07/04 12:35:43,TRUE,FALSE,,
,池田康彦,横田哲士,SHARP15.4kwh全負荷,"¥2,530,000",関東,,@横田哲士_LIVIONpartners,2026/07/04 12:53:29,TRUE,FALSE,,
,冨澤彪,伊藤圭佑,"DMM蓄電池　14.3kwh
CUBE J","¥2,596,000",関東,,@伊藤圭佑_HY,2026/07/04 13:51:56,TRUE,FALSE,,
,大原颯太,野中大生,DMM14.3kwh 全負荷　cube J,"¥2,805,000",関東,,@野中大生_LIVIONpartners,2026/07/04 14:47:43,TRUE,FALSE,,
,大原颯太,野中大生,DMM14.3kwh全負荷　cubeJ,"¥2,970,000",関東,,@野中大生_LIVIONpartners,2026/07/04 14:48:13,TRUE,FALSE,,
,吉田悠太,川上留以,シャープ15.4kwh全負荷ハイブリッド自社20年保証,"¥2,860,000",東海,,@川上 留以_スマートハウス推進統括本部,2026/07/04 14:58:16,TRUE,FALSE,,
,若山峻護,小林祐真,"長州蓄電池12.7特定HYB
メーカー20年保証
コロナエコ370角型","¥2,970,000",東海,,@小林祐真_Ambitious株式会社,2026/07/04 15:17:07,TRUE,FALSE,,
,水谷智哉,熊谷康佑,"DMM蓄電池7kw 全負荷
コロナエコキュート370L","¥2,420,000",東海,,@熊谷康佑_LeadMore,2026/07/04 16:37:50,TRUE,FALSE,,
,伊藤蓮,伊藤蓮,DMM5kwh 全負荷,"¥2,090,000",東海,,@伊藤蓮_スマートハウス推進統括本部,2026/07/04 18:09:00,TRUE,FALSE,,
,林起基,駒沢大斗,DMM 14kwh.コロナエコキュート460L,"¥3,280,000",関東,,@駒沢大斗_GWORTH,2026/07/04 18:39:23,TRUE,FALSE,,
,春日柚樹也,小林祐真,"長州蓄電池12.7特定HYB
メーカー20年保証
コロナエコ460角型","¥2,970,000",東海,,@小林祐真_Ambitious株式会社,2026/07/04 20:22:20,TRUE,FALSE,,
,一ノ瀬文哉,久保海飛,"シャープ15.4
HEMS
コロナエコキュート370薄型","¥2,970,000",関東,,@久保海飛 _Ambitious株式会社,2026/07/05 11:02:31,TRUE,FALSE,,
,鈴木隆輔,熊谷康佑,"DMM蓄電池10kw全負荷
メーカー20年保証
日立IH","¥2,860,000",東海,,@熊谷康佑_LeadMore,2026/07/05 11:58:00,TRUE,FALSE,,
,一ノ瀬文哉,久保海飛,"長州12.7特定負荷メーカー20年保証
CUBEJ
コロナエコキュート460角形","¥3,190,000",関東,,@久保海飛 _Ambitious株式会社,2026/07/05 13:59:40,TRUE,FALSE,,
,山口裕馬,山口裕馬,"ニチコン19.9
全負荷
キューブJ
自社20年延長保証付","¥3,630,000",関東,,@山口裕馬_HY,2026/07/05 14:27:55,TRUE,FALSE,,
,高橋崇大,高橋崇大,"ニチコン19.9
CUBE J","¥3,080,000",関東,,@高橋崇大_一興商事,2026/07/05 14:58:19,TRUE,FALSE,,
宮田浩司,曽我部千稜,栗山裕仁,"DMM10kw全負荷HYBメーカー20年保証　新設
コロナエコキュート　入替","¥2,640,000",九州,,@栗山裕仁_JINNOVA,2026/07/05 15:50:28,TRUE,FALSE,,
,上田洋平,小林祐真,長州蓄電池12.7特定負荷ハイブリッド,"¥2,640,000",東海,,@小林祐真_Ambitious株式会社,2026/07/05 15:51:57,TRUE,FALSE,,
,徳永優太,徳永優太,"長州6.5 20年保証
HEMS","¥1,870,000",四国,,@徳永優太_forme works,2026/07/05 16:42:00,TRUE,FALSE,,
,横山豪,横山豪,dmm蓄電ユニット5kwh増設,"¥1,375,000",東海,,@横山豪_スマートハウス推進統括本部,2026/07/05 16:55:53,TRUE,FALSE,,
,一ノ瀬文哉,久保海飛,"長州産業12.7特定負荷
CUBEJ","¥2,398,000",関東,,@久保海飛 _Ambitious株式会社,2026/07/05 17:21:25,TRUE,FALSE,,
,若山峻護,御船正己,"長州産業蓄電池12.7kWh
ハイブリッド全負荷
メーカー20年保証
エコキュート370L
東芝冷蔵庫509L","¥4,345,000",東海,施工店ワールド電化,@御船正己_Ambitious株式会社,2026/07/05 17:56:09,TRUE,FALSE,,
,石井勝己,井上務,"京セラエネレッツァプラスⅡ 11.4kwh
三菱エコキュート370L
","¥3,300,000",東海,施工店:ワールド電化,@井上務_Ambitious株式会社,2026/07/05 19:30:40,TRUE,FALSE,,
,春日柚樹也,井上務,"単体パワコン
三菱エコキュート370L","¥1,210,000",東海,施工店:ワールド電化,@井上務_Ambitious株式会社,2026/07/05 19:37:06,TRUE,FALSE,,
,鈴木虎春,板倉崇晃,長州産業16.4kwh全負荷、パナソニックエコキュート、パナソニックIH,"¥3,470,000",東海,,@板倉崇晃 ゼニソ,2026/07/05 20:48:59,TRUE,FALSE,,
,鈴木虎春,板倉崇晃,パワーデポ13kwh、パナソニックIH,"¥2,780,000",東海,,@板倉崇晃 ゼニソ,2026/07/05 20:52:05,TRUE,FALSE,,
,北林勇哉,久保海飛,"ニチコン19.9
CUBEJ","¥2,860,000",関東,,@久保海飛 _Ambitious株式会社,2026/07/06 11:06:48,TRUE,FALSE,,
,河野大輝,浅井詩音,"DMM蓄電池14kwh
全負荷ハイブリッド
20年保証（メーカー10年＋自社10年）
コロナエコキュート370L
自社保証10年","¥3,190,000",九州,,@河野大輝　アフターホーム,2026/07/06 16:44:37,TRUE,FALSE,,
,久保田祥大,一木亮太,"ニチコン19.9kwh
HEMS","¥3,140,000",関東,,@一木亮太　HY,2026/07/06 17:31:30,TRUE,FALSE,,
,篠優,一木亮太,"ニチコン19.9
コロナ370
HEMS","¥3,420,000",関東,,@一木亮太　HY,2026/07/06 20:54:59,TRUE,FALSE,,
,末吉剛大,星崎政和,"長州蓄電池
特定負荷
20年保証　
コロナエコキュート370L 
三菱IH","¥2,640,000",東海,,@星崎政和_Ambitious株式会社,2026/07/07 18:48:39,TRUE,FALSE,,
,三好雄太,星崎政和,"SHARP7.7全負荷
コロナエコキュート370","¥2,750,000",東海,みよし市補助金　エコキュート補助金,@星崎政和_Ambitious株式会社,2026/07/07 21:00:26,TRUE,FALSE,,
加藤美沙,栗山裕仁,栗山裕仁,創蓄　長州パネル5.8kw 長州蓄電池9.7kw特定HYB,"¥3,280,000",東海,,@栗山裕仁_JINNOVA,2026/07/08 15:05:44,TRUE,FALSE,,
,佐々木蓮,伊藤圭佑,AIKOソーラー,"¥1,485,000",関東,,@伊藤圭佑_HY,2026/07/08 17:44:35,TRUE,FALSE,,
,百瀬遥輝,横山豪,長州産業蓄電池6.5kwh特定負荷20年保証,"¥2,420,000",東海,,@横山豪_スマートハウス推進統括本部,2026/07/08 20:21:35,TRUE,FALSE,,
,井伊大陽,徳永優太,"長州パワコン　4kw
HEMS","¥605,000",四国,,@徳永優太_forme works,2026/07/09 11:43:00,TRUE,FALSE,,
,篠優,一木亮太,"AIKOソーラー
パワコン2台
三相変換通信機","¥3,200,000",関東,,@一木亮太　HY,2026/07/09 12:04:08,TRUE,FALSE,,
,春日柚樹也,小林祐真,SHARP太陽光パワコン,"¥550,000",東海,高齢過ぎてパワコン単体のみです！,@小林祐真_Ambitious株式会社,2026/07/09 16:03:46,TRUE,FALSE,,
,池田康彦,久保海飛,"DMM14.3全負荷
自社5年延長保証
CUBEJ","¥2,585,000",関東,,@久保海飛 _Ambitious株式会社,2026/07/09 16:54:38,TRUE,FALSE,,
,木村瞭太,横山豪,長州産業蓄電池12.7kwh特定負荷メーカー20年保証、コロナエコキュート460L,"¥2,970,000",東海,,@横山豪_スマートハウス推進統括本部,2026/07/09 22:26:17,TRUE,FALSE,,
,小島克哉,篠田直己,"カナディアンパネル6.675kw
カナディアン EPCube 9.9kwh
+5年保証、自然災害保証","¥3,400,000",関東,,@篠田直己_STORIA,2026/07/10 10:36:38,TRUE,FALSE,,
,伊藤樹優,野崎太志,"長州蓄電池12.7メーカー20年保証　全負荷
コロナエコキュート460  薄型","¥2,365,000",東海,,@野崎太志,2026/07/10 13:43:36,TRUE,FALSE,,
,五十嵐聖,高橋崇大,"ニチコン19.9
CUBE J","¥2,970,000",関東,,@高橋崇大_一興商事,2026/07/10 17:09:47,TRUE,FALSE,,
,一ノ瀬文哉,久保海飛,"ニチコン19.9
自社5年延長保証
コロナエコキュート460薄型
CUBEJ","¥3,410,000",関東,返還金あり,@久保海飛 _Ambitious株式会社,2026/07/11 10:56:13,TRUE,FALSE,,
,小寺茉友,駒沢大斗,SHARP15.4kwh.コロナエコキュート460L,"¥3,530,000",関東,,@駒沢大斗_GWORTH,2026/07/11 13:08:53,TRUE,FALSE,,
,三宅 祐太,高林 大夢,DMM10kw、コロナエコキュート460L,"¥3,000,000",東北,,@高林 大夢_LeadMore,2026/07/11 13:10:57,TRUE,FALSE,,
,落合汐里,徳永優太,長州産業蓄電池6.5kw,"¥1,870,000",四国,,@徳永優太_forme works,2026/07/11 13:29:17,TRUE,FALSE,,
,井本優良,山口裕馬,"ニチコン19,9
キューブJ
メーカー15年＋自社5年延長保証付","¥3,520,000",関東,井本再来🔥,@山口裕馬_HY,2026/07/11 13:36:32,TRUE,FALSE,,
,山口裕馬,伊藤圭佑,"長州産業12.7kwh特定負荷
コロナエコキュート370L
cube J","¥2,805,000",関東,"成仏できました🙏
ありがとうございます🙇",@伊藤圭佑_HY,2026/07/11 17:09:35,TRUE,FALSE,,
,北林勇哉,久保海飛,"DMM14.3
自社10年延長保証
CUBEJ","¥2,475,000",関東,めちゃくちゃ細かく粗利薄いです。,@久保海飛 _Ambitious株式会社,2026/07/11 17:20:44,TRUE,FALSE,,
,石井勝己,小林祐真,"長州蓄電池9.8kwh特定負荷ハイブリッド
メーカー20年保証
リンナイ浴室乾燥機","¥1,980,000",東海,よくアポとったな！ナイス！,@小林祐真_Ambitious株式会社,2026/07/11 18:50:26,TRUE,FALSE,,
,河野大輝,浅井詩音,"DMM10kw
全負荷ハイブリッド
20年保証（メーカー保証10年＋自社保証10年）","¥2,750,000",九州,,@河野大輝　アフターホーム,2026/07/11 20:17:01,TRUE,FALSE,,
,嶺山 創汰,髙林 大夢,DMM蓄電池5kw、コロナエコキュート370L,"¥2,530,000",東北,蓄電池メーカー10年＋自社延長5年,@高林 大夢_LeadMore,2026/07/11 21:43:26,TRUE,FALSE,,
,鈴木虎春,板倉崇晃,"シャープ蓄電池15.4kwhハイブリッド全負荷 新設
パナソニックエコキュート入替
パナソニックIH入替

","¥3,200,000",東海,,@板倉崇晃 ゼニソ,2026/07/11 22:43:30,TRUE,FALSE,,
,小野龍一,橋口航大,DMM7kWh 蓄電池,"¥1,980,000",九州,メーカー保証20年,@橋口航大_スマートハウス推進統括本部,2026/07/12 10:29:02,TRUE,FALSE,,
,伴瑛志郎,井上務,"SHARP蓄電池9.5kwh
HEMS
三菱EQ460L","¥3,003,000",東海,施工店:ワールド電化,@井上務_Ambitious株式会社,2026/07/12 12:31:34,TRUE,FALSE,,
,星崎政和,小林祐真,"長州蓄電池9.8kwh特定負荷ハイブリッド
メーカー20年保証","¥2,640,000",東海,,@小林祐真_Ambitious株式会社,2026/07/12 13:44:24,TRUE,FALSE,,
,中川魁人,久保海飛,"DMM14.3全負荷
自社5年延長保証
CUBEJ","¥2,970,000",関東,奥様反対だけ怖いです。,@久保海飛 _Ambitious株式会社,2026/07/12 13:45:54,TRUE,FALSE,,
,小林周平,水野裕也,"長州蓄電池12.7全負荷
メーカー20年保証
コロナエコキュート460
コロナエコキュート370","¥3,630,000",東海,"給湯器補助金
大口町補助金",@水野裕也_Lead More,2026/07/12 15:05:25,TRUE,FALSE,,
,村上拓也,駒沢大斗,"DMM7kwhハイブリッド
専用モニター","¥2,780,000",関東,,@林起基_G.WORTH,2026/07/12 16:34:55,TRUE,FALSE,,
,濵田裕大,久保海飛,"DMM14.3全負荷
自社5年延長保証
CUBEJ","¥2,750,000",関東,,@久保海飛 _Ambitious株式会社,2026/07/12 16:51:56,TRUE,FALSE,,
前島祐介,末吉剛大,御船正己,"長州産業9.8キロ
ハイブリッド全負荷
メーカー20年保証","¥3,960,000",東海,施工店ワールド電化,@御船正己_Ambitious株式会社,2026/07/12 17:15:53,TRUE,FALSE,,
眞田聡,我妻拓馬,栗山裕仁,コロナエコキュート460 入替,"¥990,000",九州,"鹿児島刑務所卒業おめでとう🎓
来月からJINNOVA愛知として頼むね！",@栗山裕仁_JINNOVA,2026/07/12 17:23:29,TRUE,FALSE,,
宮戸直樹,若山峻護,星崎政和,SHARP15.4 全負荷　ヘムス,"¥2,970,000",東海,テクノホーム,星崎政和_Ambitious株式会社,2026/07/12 18:07:35,TRUE,FALSE,,
黒圖成一,横田哲士,野中大生,コロナエコキュート370L,"¥990,000",関東,,野中大生,2026/07/12 18:27:06,TRUE,FALSE,,
鈴木政義様,横山豪,横山豪,SHARP6.5kwh増設,"¥1,650,000",東海,,横山豪_スマートハウス推進統括本部,2026/07/12 18:51:05,TRUE,FALSE,,
大窪亮二,吉田悠太,伊藤蓮,"DMM14 20年保証
コロナ460
日立IH75cm",3080000,東海,,伊藤蓮_スマートハウス推進統括本部,2026/07/12 19:24:26,TRUE,FALSE,,
松山弘樹様,鈴木虎春,板倉崇晃,パワーデポ13kwhハイブリッド全負荷,"¥2,800,000",東海,,板倉崇晃 ゼニソ,2026/07/12 20:12:01,TRUE,FALSE,,
坂田正敏,川上留以,川上留以,京セラエネレッツァ5kwh,2200000,東海,,川上 留以_スマートハウス推進統括本部,2026/07/12 20:57:39,TRUE,FALSE,,
古澤武明,由地光輝,杉山大樹,"カナディアン太陽光　9.765kw
カナディアン蓄電池　13.3kwh
ダイキンエコキュート　460薄型
三菱IH ブラック75cm",4300000,関東,,杉山大樹_HY,2026/07/12 21:16:22,TRUE,FALSE,,
川添寧久,春日柚樹也,井上務,"長州産業全負荷ハイブリッド12.7kwh
コロナEQ460
浴室暖房乾燥機
ルームエアコン2台","3,300,000",東海,施工店:ワールド電化,井上務_Ambitious株式会社,2026/07/12 21:45:03,TRUE,FALSE,,
渡辺明,曽我部千稜,栗山裕仁,DMM7kw全負荷HYBメーカー20年保証,"1,980,000",九州,"今週1日1商談のスタートです❤️‍🔥

曽我部君のアポ2商談2契約！
水曜日3契約目見えてますのでご安心を💁🏽‍♂️",栗山裕仁_JINNOVA,2026/07/13 12:02:25,TRUE,FALSE,,
米倉邦夫,篠優,一木亮太,"ニチコン19.9
HEMS","3,190,000",関東,,一木亮太　HY,2026/07/13 12:17:33,TRUE,FALSE,,
力丸大介,林起基,駒沢大斗,"DMM7kw全負荷
エコキュート370L
日立IH",2450000,関東,,林起基_G.WORTH,2026/07/13 17:10:51,TRUE,FALSE,,
影山伝,尾関鎮,白方 誠人,CORONAエコキュート370,858000,東海,,（株）ベスティブロ　白方 誠人,2026/07/13 17:12:21,TRUE,FALSE,,
寶央大,長谷川拓耶,栗山裕仁,長州産業蓄電池6.5kw単機能　増設,"2,200,000",九州,"本日2商談2契約❤️‍🔥❤️‍🔥

ハセ、明日の人をスライドして
休みをくれてありがとう🫱🏿‍🫲🏻NICEアポ！
商談同行をアポ時に生かしてくれ！",栗山裕仁_JINNOVA,2026/07/13 20:02:48,TRUE,FALSE,,
小宮路周作　コミヤジシュウサク,栗山裕仁,中島将暢,DMM 14kwh全負荷,"2,380,900",九州,,中島将暢　JINNOVA,2026/07/14 13:13:07,TRUE,FALSE,,
白井教雄,伊藤蓮,伊藤蓮,"dmm14kwh
コロナエコキュート460
日立IH",2860000,東海,,伊藤蓮_スマートハウス推進統括本部,2026/07/15 11:05:52,TRUE,FALSE,,
有馬雅宏,曽我部千稜,栗山裕仁,DMM10kw全負荷HYBメーカー20年保証,"2,380,000",九州,"1日1商談weeeek🗓️
3日で4商談4契約🔥🔥🔥🔥

曽我部君のアポ、今月3商談3契約！
鹿児島刑務所で結果出てきてますね👌🏾
素晴らしい！！
アポありがとうございました！",栗山裕仁_JINNOVA,2026/07/15 14:56:39,TRUE,FALSE,,
平龍二,一ノ瀬文哉,久保海飛,"DMM14.3全負荷
CUBEJ
自社5年延長保証","2,640,000",関東,,久保海飛_Ambitious株式会社,2026/07/15 15:34:04,TRUE,FALSE,,
岡部義一,井本優良,山口裕馬,"ニチコン19.9
キューブJ
メーカー15年＋自社5年延長保証付き",3259300,関東,2022年設置ニチコン7.4既設から,山口裕馬_HY,2026/07/15 15:40:55,TRUE,FALSE,,
岡部三好,井本優良,山口裕馬,日立IH,220000,東北,,山口裕馬_HY,2026/07/15 15:41:57,TRUE,FALSE,,
佐藤 康二,胡木 真吾,髙林 大夢,コロナエコキュート370L,"870,000",東北,,高林 大夢_LeadMore,2026/07/15 16:46:07,TRUE,FALSE,,
大西春樹,角谷成映,栗山裕仁,DMM10kw全負荷HYBメーカー20年保証,"2,380,000",九州,"本日2件目。今週5商談5成約🔥🔥🔥🔥🔥
鹿児島の数字なんとか回復させます",栗山裕仁_JINNOVA,2026/07/15 20:09:21,TRUE,FALSE,,
髙瀬 洋史,安冨 龍治,髙林 大夢,DMM蓄電池15kw、コロナエコキュート460L,"3,630,000",東北,,高林 大夢_LeadMore,2026/07/15 21:01:14,TRUE,FALSE,,
有薗一樹,小野龍一,栗山裕仁,DMM14kw全負荷HYBメーカー20年保証,"2,400,000",九州,"毎日商談week🗓️
4日で6商談6成約❤️‍🔥❤️‍🔥❤️‍🔥❤️‍🔥❤️‍🔥❤️‍🔥

昨日アポ即クロNICEでした！
戦略勝ちですが、令和の虎視聴者だった為
粗利は少ないです🙂‍↕️",栗山裕仁_JINNOVA,2026/07/16 18:25:18,TRUE,FALSE,,
佐藤　小百合,村上拓也,駒沢大斗,"DMM7kwh全負荷

ダイキンエコキュート460L",2420000,関東,,駒沢大斗_GWORTH,2026/07/17 1:52:23,TRUE,FALSE,,
森田哲夫,尾関鎮,白方 誠人,SHARP蓄電池7.7kw 全負荷　自社含む20年保証,1980000,東海,,（株）ベスティブロ　白方 誠人,2026/07/17 14:51:42,TRUE,FALSE,,
宮前千恵子,佐々木蓮,一木亮太,"ニチコン19.9
HEMS
DMMパネル5.2","3,935,000",関東,,一木亮太　HY,2026/07/17 15:15:01,TRUE,FALSE,,
溝口靖,伊藤樹優,小林祐真,"長州蓄電池12.7kwh特定負荷ハイブリッド
メーカー20年保証
コロナエコキュート370","¥2,860,000",東海,お客様の予定が押していてタイムアップのため工事日後日調整です！,小林祐真_Ambitious株式会社,2026/07/17 16:23:19,TRUE,FALSE,,
水谷幸美,百瀬遥希,鈴木隆輔,"SHARPパワコン
SHARP V2H","1,870,000",東海,,鈴木隆輔,2026/07/18 10:57:27,TRUE,FALSE,,
黒木信一,岡元莉輝,小林祐真,"長州蓄電池12.7kwh特定負荷バイブリッド
メーカー20年保証","¥2,530,000",東海,ナイス！！！！,小林祐真_Ambitious株式会社,2026/07/18 11:08:33,TRUE,FALSE,,
尾澤麻美様,池田康彦,久保海飛,"DMM14.3
自社5年延長保証
CUBEJ","2,750,000",関東,"普段は、断る人からのアポ獲得さすがです！
夫婦両面アポありがとうございました！",久保海飛_Ambitious株式会社,2026/07/18 11:11:40,TRUE,FALSE,,
戸井崇文,濱田裕大,横田哲士,ニチコン19.9kwh ヘムス,3630000,関東,"発電量含めニチコンです🙇‍♂️
両面揃ったらアポイントありがとうございました！",横田哲士_LIVIONpartners,2026/07/18 11:21:22,TRUE,FALSE,,
小野駿弥,春日,井上務,長州蓄電池単機能12.7kwh,2414500,東海,施工店:ワールド電化,井上務_Ambitious株式会社,2026/07/18 11:39:12,TRUE,FALSE,,
胡昌位,篠優,山口裕馬,"ニチコン19.9
キューブJ
メーカー15年＋自社5年延長保証付き
エコキュート三菱370l
V2H",5170000,関東,クローザーになろうぜ🔥,山口裕馬_HY,2026/07/18 12:10:21,TRUE,FALSE,,
泉正陽,ハマダユウタ,野中大生,長州12.7特定負荷,2640000,関東,,野中大生,2026/07/18 12:25:15,TRUE,FALSE,,
白井正巳　シライマサミ,石山大河,安藤大晃,"長州蓄電池12.7 特定負荷
20年自社延長保証
日立IH",2420000,東海,,安藤大晃　D-MAK,2026/07/18 12:31:57,TRUE,FALSE,,
松原　力,徳永優太,徳永優太,長州蓄電池9.8 特定負荷　メーカー20年,"1,980,000",四国,,徳永優太_forme works,2026/07/18 13:02:12,TRUE,FALSE,,
中村優様,小林周平,熊谷康佑,"長州産業蓄電池12.7kwh
全負荷
メーカー20年保証",3080000,中国,,熊谷康佑_LeadMore,2026/07/18 13:03:49,TRUE,FALSE,,
今関 章太郎 様,村上 拓也,林 起基,"DMM10kwh蓄電池
メーカー20年保証
コロナエコキュート460
自社10年保証",2500000,関東,"支払方法　銀行ローン
工事日　8月22日",林起基_G.WORTH,2026/07/18 13:17:30,TRUE,FALSE,,
髙橋 正弘,三宅 祐太,髙林 大夢,DMM蓄電池7kw、日立IH,"2,420,000",東北,,高林 大夢_LeadMore,2026/07/18 13:35:15,TRUE,FALSE,,
中塚勝俊,松岡諒,横田哲士,DMM14.3kwh ヘムス,2420000,関東,初成約ナイスです🔥,横田哲士_LIVIONpartners,2026/07/18 14:07:16,TRUE,FALSE,,
髙田里恵子様,小林周平,熊谷康佑,"DMM蓄電池7kw
全負荷
メーカー15年保証
日立IH",2420000,中国,,熊谷康佑_LeadMore,2026/07/18 17:00:10,TRUE,FALSE,,
長岡広治,佐々木蓮,伊藤圭佑,"DMM14.3kwh 全負荷
自社5年保証
コロナエコキュート370L
CUBE J","3,066,800",関東,,伊藤圭佑_HY,2026/07/18 18:02:03,TRUE,FALSE,,
菅原衛,末吉剛大,御船正己,"シャープ蓄電池9.5キロ
シャープHEMS
ハイブリッド全負荷
メーカー15年保証
自社延長5年保証
コロナエコキュート薄型460L
炊飯器",4455000,東海,施工店ワールド電化,御船正己_Ambitious株式会社,2026/07/18 19:52:05,TRUE,FALSE,,
西脇真哉,井本優良,山口裕馬,"dmm14.3
キューブJ
IHクッキングヒーター",2530000,関東,井本祭り🔥,山口裕馬_HY,2026/07/18 20:06:50,TRUE,FALSE,,
渋江暁,濱田裕大,横田哲士,DMM14.3kwh ヘムス,2420000,関東,,横田哲士_LIVIONpartners,2026/07/19 10:55:57,TRUE,FALSE,,
山田浩児,山下翔平,御船正己,"長州産業9.8キロ
ハイブリッド特定負荷
メーカー20年保証
日立IH75cm","3,905,000",東海,施工店ワールド電化,御船正己_Ambitious株式会社,2026/07/19 11:28:56,TRUE,FALSE,,
後藤航,中川魅人,野中大生,DMM14.3,2695000,関東,,野中大生,2026/07/19 11:31:42,TRUE,FALSE,,
髙橋貴行,濵田裕大,久保海飛,"DMM14.3
自社5年延長保証
コロナエコ460角型
CUBEJ","3,300,000",関東,"奥様確認は、いりますが多分大丈夫です！
家の近くの連れてって下さい！
",久保海飛_Ambitious株式会社,2026/07/19 12:21:21,TRUE,FALSE,,
菅原敏成,武本遼,胡木真吾,長州産業パワーコンディショナー,"550,000",東北,,胡木真吾,2026/07/19 12:26:14,TRUE,FALSE,,
山﨑文江,藤田千絢,徳永優太,ニチコン9.9kw,"2,200,000",四国,,徳永優太_forme works,2026/07/19 12:37:34,TRUE,FALSE,,
櫻井龍視様,小林周平,熊谷康佑,"DMM蓄電池7kw
全負荷
自社10年延長保証
コロナエコキュート370L",2750000,中国,給湯省エネ補助金,熊谷康佑_LeadMore,2026/07/19 12:43:27,TRUE,FALSE,,
一ノ瀬宗臣,上田洋平,御船正己,"長州産業12.7キロ
ハイブリッド全負荷
メーカー20年保証","4,180,000",東海,施工店ワールド電化,御船正己_Ambitious株式会社,2026/07/19 13:47:44,TRUE,FALSE,,
有藤元起,落合汐里,徳永優太,ニチコン19.9kw 自社20年,"2,970,000",四国,,徳永優太_forme works,2026/07/19 15:32:51,TRUE,FALSE,,
小室憲義様,伊藤蓮,伊藤蓮,"長州6.5特定
コロナ460l",2046000,東海,,伊藤蓮_スマートハウス推進統括本部,2026/07/19 15:50:30,TRUE,FALSE,,
早坂 英記　ハヤサカ ヒデキ,三宅 祐太,髙林 大夢,DMM蓄電池7kw,"2,860,000",東北,,高林 大夢_LeadMore,2026/07/19 16:47:57,TRUE,FALSE,,
奈良佳子,篠優,伊藤圭佑,"DMM14.3kwh全負荷
自社5年保証
CUBE J","2,629,000",関東,,伊藤圭佑_HY,2026/07/19 17:21:48,TRUE,FALSE,,
深見洋之,若山峻護,井上務,"長州産業蓄電池全負荷16.4kwh
単体太陽光パワコン
三菱エコキュート460L",3845600,東海,施工店ワールド電化,井上務_Ambitious株式会社,2026/07/19 17:30:36,TRUE,FALSE,,
中城 由貴,甲斐 勇利,楢岡 大樹,"ニチコン19.9
cube-j",3410000,関東,,楢岡大樹_HY,2026/07/19 17:38:15,TRUE,FALSE,,
武内　浩,後藤晃祐,胡木真吾,"DMM蓄電池5kWh
メーカー15年+自社5年保証",2255000,東北,,胡木真吾,2026/07/19 17:47:19,TRUE,FALSE,,
亀井重郎様,一ノ瀬文哉,久保海飛,"ニチコン19.9
自社5年延長保証
CUBEJ","2,860,000",関東,"返還金有
肩の荷がおりました。
あなたのおかげで決まりました！",久保海飛_Ambitious株式会社,2026/07/19 18:20:31,TRUE,FALSE,,
中越達也,辻坂修太朗,横山豪,京セラエネレッツァplus11.4kwh.ダイキンエコキュート460l薄型,"2,805,000",東海,,横山豪_スマートハウス推進統括本部,2026/07/19 20:07:45,TRUE,FALSE,,
向谷晶吉,石井勝己,星崎政和,長州蓄電池16.4キロ　全負荷　メーカー20年保証,3135000,東海,テクノホーム,星崎政和_Ambitious株式会社,2026/07/19 20:38:47,TRUE,FALSE,,
日高奨平,角谷成映,栗山裕仁,SHARP4.274kw  パネル増設,"1,650,000",九州,"パネル増設のプロ👍🏿
今月5件着地で！",栗山裕仁_JINNOVA,2026/07/20 9:25:44,TRUE,FALSE,,
内田祐太様,池田康彦,久保海飛,"DMM14.3
自社10年延長保証
CUBEJ","2,475,000",関東,"奥様地元同じで、粗利少なめです🙇‍♂️
夫婦両面アポありがとうございました！",久保海飛_Ambitious株式会社,2026/07/20 11:18:52,TRUE,FALSE,,
近澤　千恵,徳永優太,徳永優太,"長州蓄電池13kw 20年保証
ダイキンエコキュート460","2,530,000",四国,,徳永優太_forme works,2026/07/20 12:06:09,TRUE,FALSE,,
吉田優友　ヨシダユウスケ,安藤大晃,安藤大晃,"長州蓄電池12.7kw 全負荷
20年自社延長保証
コロナエコキュート460L",3190000,東海,,安藤大晃　D-MAK,2026/07/20 13:15:14,TRUE,FALSE,,
西尾誠,尾関鎮,白方 誠人,SHARP7.7全負荷　CORONAエコキュート460 HEMS,2530000,東海,"現場調査　7/30
工事日 8/20",（株）ベスティブロ　白方 誠人,2026/07/20 14:31:56,TRUE,FALSE,,
江頭佳津子,佐々木蓮,伊藤圭佑,"DMM14.3kwh全負荷
自社5年保証
CUBE J","2,431,000",関東,,伊藤圭佑_HY,2026/07/20 15:06:18,TRUE,FALSE,,
木佐貫太陽,曽我部千稜,栗山裕仁,DMM15kw全負荷HYBメーカー20年保証,"2,860,000",九州,"本日2件🔥🔥
最近独立した会社代表の為、収入低めです。
審査通れば🙏🏾
とりあえずなんとか契約貰いました🫱🏿‍🫲🏻

気持ち良く名古屋帰ります🛩️",栗山裕仁_JINNOVA,2026/07/20 16:13:17,TRUE,FALSE,,
町田信,福島幸也,横田哲士,"AIKOソーラー4.5kW
SHARP蓄電池15.4kwh",3751000,関東,,横田哲士_LIVIONpartners,2026/07/20 17:31:54,TRUE,FALSE,,
樋口兼央様,小寺茉友,林起基,"DMM蓄電池7kw全負荷
メーカー20年保証
エアコン",2420000,関東,,林起基_G.WORTH,2026/07/20 18:42:25,TRUE,FALSE,,
山下美穂様,鈴木虎春,板倉崇晃,"シャープ蓄電池15.4kwhハイブリッド全負荷新設
パナソニックエコキュート新設
パナソニックIH新設","3,280,000",東海,,板倉崇晃 ゼニソ,2026/07/20 20:54:22,TRUE,FALSE,,
内川カルロス,栗山裕仁,栗山裕仁,"創蓄　
長州産業パネル7.02kw
長州産業蓄電池12.7kw特定不可HYB
cubej","3,300,000",東海,"名古屋創蓄自アポ2件目🔥🔥
鹿児島⇄名古屋飛び回ります🛩️",栗山裕仁_JINNOVA,2026/07/21 13:47:08,TRUE,FALSE,,
出口博文,河本一樹,徳永優太,ニチコン14.9,"2,640,000",四国,,徳永優太_forme works,2026/07/21 14:32:02,TRUE,FALSE,,
小原雅人,富田健斗,徳永優太,長州産業蓄電池12.7,"2,310,000",四国,,徳永優太_forme works,2026/07/21 20:37:11,TRUE,FALSE,,
西村志乃,藤田千絢,徳永優太,"長州産業蓄電池12.7
コロナエコキュート460","2,640,000",四国,,徳永優太_forme works,2026/07/21 20:38:24,TRUE,FALSE,,
吉村拓都,髙橋雄多(wiz),篠田直己,シャープパネル1.76kw シャープ蓄電池6.5kw(全負荷),"3,200,000",関東,蓄電池20年保証,篠田直己_STORIA,2026/07/22 13:59:50,TRUE,FALSE,,
青木　康,小寺茉友,駒沢大斗,"DMM14kwh全負荷
メーカー20年保証
ダイキンエコキュート460L
冷蔵庫",3330000,関東,"蓄電池メーカー20年保証
200V全負荷
初めから自家消費
既存蓄電池撤去

冷蔵庫プレゼント
既存のものと交換撤去までサービスでお願いします

おひさまエコキュート昼炊き設定でお願いします

市原市補助金申請
給湯省エネ補助金申請",駒沢大斗_GWORTH,2026/07/22 15:08:56,TRUE,FALSE,,
津波古和司,大塚祝桜,横田哲士,DMM14.3kwh ヘムス,2420000,関東,,横田哲士_LIVIONpartners,2026/07/22 16:29:44,TRUE,FALSE,,
平田 行也,野村 俊介,伊木 裕二,三菱エコキュート、パワコン、Qセルズパネル,"1,452,000",沖縄,,伊木裕二_Corest home,2026/07/22 19:52:39,TRUE,FALSE,,
山城 俊幸,野村 俊介,伊木 裕二,カナディアン蓄電池9.9kWh 三菱エコキュート,"2,499,200",沖縄,蓄電池5年延長保証,伊木裕二_Corest home,2026/07/22 19:55:22,TRUE,FALSE,,
小野 満,後藤 晃祐,髙林 大夢,DMM蓄電池10kw、コロナエコキュート460L,"3,110,000",東北,,高林 大夢_LeadMore,2026/07/22 22:03:13,TRUE,FALSE,,
佐野康史,須藤隆成,白方 誠人,"長州産業9.8全負荷　自社含む20年保証
コロナエコキュート370L 延長10年保証","2.860,000",東海,"ナイスアポ！！
銀行借り換え後に現調調整します。",（株）ベスティブロ　白方 誠人,2026/07/23 20:03:25,TRUE,FALSE,,
金井正信,小寺茉友,駒沢大斗,"長州パワーコンディショナー4.0kw
コロナエコキュート460L",1225000,関東,,駒沢大斗_GWORTH,2026/07/23 21:31:55,TRUE,FALSE,,
濱野淳祐様,小林周平,熊谷康佑,"DMM10kw全負荷
コロナエコキュート370L
日立IH",2970000,中国,,熊谷康佑_LeadMore,2026/07/23 23:01:28,TRUE,FALSE,,
新崎 忠四郎 ,野村 俊介,伊木 裕二,住友電工 蓄電池7.7kWh,"2,420,000",沖縄,メーカー15年+自社5年保証,伊木裕二_Corest home,2026/07/24 11:31:26,TRUE,FALSE,,
別所建二郎,木村瞭太,川上留以,SHARP7.7kwh全負荷20年保証,"1,980,000",東海,,川上 留以_スマートハウス推進統括本部,2026/07/24 12:06:50,TRUE,FALSE,,
森木　吾也雄,藤田千絢,徳永優太,長州産業蓄電池12.7 全負荷　20年保証,"2,420,000",四国,,徳永優太_forme works,2026/07/24 14:49:08,TRUE,FALSE,,
花井勝路,木村瞭太,横山豪,SHARP9.5kwh、コロナエコキュート370l、日立IH,"2,749,000",東海,,横山豪_スマートハウス推進統括本部,2026/07/24 14:55:12,TRUE,FALSE,,
遠藤佳世子,大谷勇斗,伊藤蓮,DMM7kwh,1760000,東海,,伊藤蓮_スマートハウス推進統括本部,2026/07/24 17:17:11,TRUE,FALSE,,
松井広允,須藤隆成,白方 誠人,"長州9.8全負荷　メーカー15年保証
コロナエコキュート460
延長10年保証",2640000,東海,銀行借り換え後に現調調整,（株）ベスティブロ　白方 誠人,2026/07/24 19:51:23,TRUE,FALSE,,
服部一朗,末吉剛大,井上務,"京セラエネレッツァプラス2
自社20年延長保証","2,970,000",東海,施工店ワールド電化,井上務_Ambitious株式会社,2026/07/24 20:48:47,TRUE,FALSE,,
酒井弘久,川上留以,川上留以,長州産業蓄電池12.7全負荷ハイブリッド20年保証,"2,860,000",東海,,川上 留以_スマートハウス推進統括本部,2026/07/24 21:17:55,TRUE,FALSE,,
中久保正也,橋口航大,橋口航大,シャープ15.4kwh HEMS コロナエコキュート460L,"3,300,000",九州,,橋口航大_スマートハウス推進統括本部,2026/07/24 21:19:30,TRUE,FALSE,,
釣賀竜太,佐々木蓮,一木亮太,"ニチコン19.9
コロナエコキュート460L
自社5年","3,800,000",関東,,一木亮太　HY,2026/07/24 21:24:07,TRUE,FALSE,,
下宮宏仁,長谷川拓耶,栗山裕仁,"DMM蓄電池15kw全負荷メーカー20年保証　入替
コロナエコキュート370L 入替",3300000,九州,"8時からの商談同行お疲れ様！
いいアポすぎて1時間で決まった🔥

今月2件目。着地3件やな。
来月暴れような、いい夏にしよう☀️",栗山裕仁_JINNOVA,2026/07/25 9:12:30,TRUE,FALSE,,
堀之内祐介,角谷成映,栗山裕仁,"DMM蓄電池14kw全負荷HYB
メーカー20年保証　入替
コロナエコキュート370L 入替","3,300,000",九州,"NICE同行アポ！
前回しっかりと内容詰めれたから
スムーズに契約🫱🏿‍🫲🏻

本日2商談2成約！
午前330万契約✖️2本🔥🔥
",栗山裕仁_JINNOVA,2026/07/25 11:28:57,TRUE,FALSE,,
中島雅彦様,百瀬遥希,鈴木隆輔,"SHARP蓄電池15.4キロ
パワコン単体
20年保証","2,970,000",東海,,鈴木隆輔,2026/07/25 11:36:48,TRUE,FALSE,,
池野文尊,三好雄太,星崎政和,"SHARP15.4 
全負荷
HEMS",2860000,東海,みよし市補助金,星崎政和_Ambitious株式会社,2026/07/25 11:58:05,TRUE,FALSE,,
御手先　洋介様,伊井太陽,浅井詩音,シャープ蓄電池7.7kw,"1,980,000円",九州,,河野大輝　アフターホーム,2026/07/25 12:06:37,TRUE,FALSE,,
村山領佑様,木村瞭太,横山豪,長州産業蓄電池12.7kwh特定負荷.三菱エコキュート460l,2640000,東海,,横山豪_スマートハウス推進統括本部,2026/07/25 12:40:40,TRUE,FALSE,,
廣原豊,山下翔平,井上務,"SHARP蓄電池9.5kwh
自社20年延長保証
HEMS","2,508,000",東海,施工店:ワールド電化,井上務_Ambitious株式会社,2026/07/25 12:50:29,TRUE,FALSE,,
遠田光司様,長井登和,板倉崇晃,"長州9.8ハイブリッド全負荷
パナソニックIH
パナソニックエコキュート","2,980,000円",東海,,板倉崇晃 ゼニソ,2026/07/25 13:16:56,TRUE,FALSE,,
木下芳則,大原颯太,野中大生,"ニチコン19,9 aiko9.9",4972000,関東,,野中大生,2026/07/25 13:53:29,TRUE,FALSE,,
内山卓,曽我部千稜,栗山裕仁,DMM蓄電池15kw全負荷HYBメーカー20年保証,"2,640,000",九州,"曽我部君アポ5商談5契約❤️‍🔥❤️‍🔥❤️‍🔥❤️‍🔥❤️‍🔥
商談同行だったので鬼の揺さぶりで
最後決めました笑
ベストコンビ賞いけますね！

本日3商談3契約ハットトリック⚽️
ラスト一件決めてグランドスラムいきます⚾️",栗山裕仁_JINNOVA,2026/07/25 15:08:58,TRUE,FALSE,,
小野塚友二,佐々木蓮,伊藤圭佑,"ニチコン19.9kwh
自社5年保証
CUBE J","2,860,000",関東,,伊藤圭佑_HY,2026/07/25 16:39:32,TRUE,FALSE,,
庄子 勝哉,嶺山 創汰,髙林 大夢,DMM蓄電池7kw,"2,750,000",東北,,高林 大夢_LeadMore,2026/07/25 16:50:53,TRUE,FALSE,,
冨田幸紀,末吉剛大,星崎政和,"長州蓄電池13k
全負荷
20年保証
コロナエコキュート460",2750000,東海,"工事テクノホーム
エコキュート補助金",星崎政和_Ambitious株式会社,2026/07/25 18:24:31,TRUE,FALSE,,
藤田康雄様,小林周平,熊谷康佑,"DMM蓄電池10kw
自社10年延長保証
コロナエコキュート460L
日立IH",3190000,中国,,熊谷康佑_LeadMore,2026/07/25 18:58:43,TRUE,FALSE,,
吉本貢,吉田悠太,川上留以,SHARP蓄電池7.7kwh全負荷　HEMS,"2,310,000",東海,,川上 留以_スマートハウス推進統括本部,2026/07/25 19:25:58,TRUE,FALSE,,
照喜名勲,wiz 髙橋雄多,若井勇人,"SHARPパネル8kw
SHARP蓄電池9.5kw","3,450,000",関東,,若井勇人_STORIA,2026/07/25 20:47:56,TRUE,FALSE,,
山本幸子,伊藤樹優,伊藤蓮,"DMM7kwh全負荷
コロナエコキュート370",2266000,東海,,伊藤蓮_スマートハウス推進統括本部,2026/07/25 20:53:04,TRUE,FALSE,,
伊藤誠,大塚祝桜,横田哲士,"DMM蓄電池14.3kwh ヘムス
AIKOソーラー4.95KW",3630000,関東,,横田哲士_LIVIONpartners,2026/07/25 20:55:07,TRUE,FALSE,,
岩山正也,橋口航大,橋口航大,"dmm7.1kwh 新設
メーカー20 年保証","1,980,000",九州,,橋口航大_スマートハウス推進統括本部,2026/07/26 8:54:17,TRUE,FALSE,,
足立晃考,角谷成映,栗山裕仁,長州PVマルチ6.5kw単機能　増設,"2,200,000",九州,"朝から商談同行お疲れ様！
NICEブースト❤️‍🔥

借換増設の必殺提案🫱🏿‍🫲🏻
鹿児島営業刑務所脱獄者の復活劇！",栗山裕仁_JINNOVA,2026/07/26 10:05:19,TRUE,FALSE,,
藤田瞬,石井勝己,野崎太志,"長州蓄電池12.7キロ全負荷
メーカー20年延長保証",2970000,東海,バチバチ🔥,野崎太志,2026/07/26 10:16:31,TRUE,FALSE,,
岩月隆真,末吉剛大,星崎政和,"長州蓄電池13キロ
全負荷
20年保証
コロナエコキュート370L",2750000,東海,"工事テクノホーム
補助金エコキュート",星崎政和_Ambitious株式会社,2026/07/26 11:41:37,TRUE,FALSE,,
福原健太,藤田千絢,徳永優太,"長州12.7 特定負荷　20年保証
ダイキンエコキュート　460","2,970,000",四国,,徳永優太_forme works,2026/07/26 11:41:41,TRUE,FALSE,,
三浦 霞,後藤 晃祐,髙林 大夢,DMM蓄電池14kw,"3,190,000",東北,,高林 大夢_LeadMore,2026/07/26 12:29:10,TRUE,FALSE,,
小西秀明,山口裕馬,山口裕馬,"dmm14.3全負荷
キューブJ
メーカー10年＋自社5年延長保証付き",2200000,関東,,山口裕馬_HY,2026/07/26 12:32:12,TRUE,FALSE,,
勝俣真吾,白方 誠人,白方 誠人,"長州産業6.5全負荷　自社含む20年保証
コロナエコキュート460
延長10年保証","2,530,000",東海,"現場調査　7/29
工事日　8/30",（株）ベスティブロ　白方 誠人,2026/07/26 12:37:59,TRUE,FALSE,,
梅木良,曽我部千稜,栗山裕仁,DMM15kw全負荷HYBメーカー20年保証,"2,640,000",九州,"魂❤️‍🔥❤️‍🔥❤️‍🔥❤️‍🔥❤️‍🔥❤️‍🔥
曽我部君アポ6商談6契約！！

記録が伸びるとプレッシャー感じて
最大限のパフォーマンス発揮するタイプなので今後もお任せ下さいな💁🏽‍♂️
",栗山裕仁_JINNOVA,2026/07/26 12:44:46,TRUE,FALSE,,
大村勇人,尾関鎮,川上留以,長州蓄電池12.7全負荷ハイブリッド20年保証,"2,750,000",東海,,川上 留以_スマートハウス推進統括本部,2026/07/26 12:50:15,TRUE,FALSE,,
野田大輔,曽我部千稜,栗山裕仁,DMM15kw全負荷HYBメーカー20年保証,"2,970,000",九州,"やっちゃいました🙏🏾🔥7商談7契約！
NICE借換アポすぎる🫱🏿‍🫲🏻

3商談3契約、2日連続達成🫰🏿
鹿児島営業刑務所、伝説作りましょう！！",栗山裕仁_JINNOVA,2026/07/26 14:32:52,TRUE,FALSE,,
鈴木 智久,楢岡大樹,楢岡大樹,"ニチコン14.3
cube-j","2,080,000",関東,,楢岡大樹_HY,2026/07/26 14:34:41,TRUE,FALSE,,
奥山将光,辻坂修太朗,伊藤蓮,長州9.8単機能,2200000,東海,,伊藤蓮_スマートハウス推進統括本部,2026/07/26 15:07:17,TRUE,FALSE,,
田村正幸様,小林周平,熊谷康佑,"DMM蓄電池7kw全負荷
メーカー10年保証　自社5年延長保証
コロナエコキュート460L",3080000,中国,,熊谷康佑_LeadMore,2026/07/26 16:46:04,TRUE,FALSE,,
河野信行,一ノ瀬文哉,久保海飛,"DMM14.3
自社5年延長保証
三菱2口IH
CUBEJ","2,695,000",関東,こだわりのペンご主人様に気に入って頂いてプレゼントしました！,久保海飛_Ambitious株式会社,2026/07/26 17:34:54,TRUE,FALSE,,
山口則夫,春日ゆきや,星崎政和,"長州蓄電池13キロ
全負荷
メーカー保証20年",2530000,東海,工事テクノホーム,星崎政和_Ambitious株式会社,2026/07/26 17:42:57,TRUE,FALSE,,
小暮茂生,久保田祥大,一木亮太,"ニチコン19.9
日立IH
自社5年","3,627,000円",関東,,一木亮太　HY,2026/07/26 17:43:55,TRUE,FALSE,,
寺岡満博,富田健斗,徳永優太,"長州蓄電池9.8 特定負荷 20年保証
ダイキンエコキュート460","2,640,000",四国,,徳永優太_forme works,2026/07/26 18:09:29,TRUE,FALSE,,
横道辰也,池田康彦,横田哲士,長州12.7kwh ヘムス,2398000,関東,,横田哲士_LIVIONpartners,2026/07/26 18:21:22,TRUE,FALSE,,
渡辺 真悟,胡木 真吾,髙林 大夢,SHARP蓄電池7.7kw,"2,530,000",関東,,高林 大夢_LeadMore,2026/07/26 19:19:53,TRUE,FALSE,,
今村晃,小島克哉,篠田直己,長州パネル(1.74kw)、長州蓄電池6.5kwh(特定不可),"2,500,000",関東,蓄電池自社＋5年,篠田直己_STORIA,2026/07/26 20:39:07,TRUE,FALSE,,
日髙俊久,中川魁人,石川平馬,"長州蓄電池12.7キロ
長州パネル","2,970,000",関東,,石川平馬,2026/07/26 23:02:42,TRUE,TRUE,,
佐藤哲也,池田康彦,山口裕馬,"ニチコン19.9
キューブJ
メーカー15年➕自社5年延長保証付き",3159200,関東,"2022年dmm9.8設置案件。
返還金あり。
両面のアポあざす🔥",山口裕馬_HY,2026/07/28 14:53:07,TRUE,FALSE,,
中村泰（ナカムラヤスシ）,大谷勇斗,安藤大晃,長州パワコン4.4kw,550000,東海,"アポイントありがとうございます！
薄利ですみません🙇‍♂️",安藤大晃　D-MAK,2026/07/28 15:54:09,TRUE,FALSE,,
齊藤寛之,一ノ瀬文哉,山口裕馬,"ニチコン19.9
キューブJ
メーカー15年＋自社5年延長保証付き",3630000,関東,"息子様とお母様の両面あざす！
2020年6.5単機能設置案件🔥",山口裕馬_HY,2026/07/28 17:32:10,TRUE,FALSE,,
今村勇樹,橋口航大,栗山裕仁,長州蓄電池6.5kw 単機能増設,"1,980,000",九州,"相棒🫱🏿‍🫲🏻久々の連携ですね！
大地震があろうとやる事は変わらないですから
商談同行予定でしたが、一人で戦ってきました❤️‍🔥

再エネ✖️金融　NICE借換提案！
再商談お繋ぎありがとうございました🙂‍↕️",栗山裕仁_JINNOVA,2026/07/28 19:18:29,TRUE,FALSE,,
櫻井竜也様,長井登和,板倉崇晃,"長州産業16.4ハイブリッド全負荷
パナソニックエコキュート","3,400,000円",東海,,板倉崇晃 ゼニソ,2026/07/29 20:09:13,TRUE,TRUE,,
堂山一九,橋口航大,栗山裕仁,"長州産業蓄電池16.4kw全負荷HYB
メーカー20年保証","3,348,000",九州,"今夜は3時間の死闘でしたが
ズバッと再エネ✖️金融で2日連続❤️‍🔥❤️‍🔥

NICE借換アポでした！素晴らしい！
九州目標達成25件目は相棒と🫱🏿‍🫲🏻

低血糖で倒れた一日のスタートでしたが
終わり良ければ全て良し👍🏿
今から営業刑務所帰ります！",栗山裕仁_JINNOVA,2026/07/29 21:45:02,TRUE,FALSE,,
岡田圭祐,中川魁人,久保海飛,"DMM14.3
自社5年延長保証
CUBEJ","2,530,000",関東,"返還金あり。
夫婦両面のナイスアポ！
来月はやろう！！",久保海飛_Ambitious株式会社,2026/07/30 12:07:30,TRUE,FALSE,,
横尾治彦,佐々木蓮,伊藤圭佑,"DMM14.3kwh 全負荷
自社5年保証
コロナエコキュート460L
CUBE J","3,069,000",関東,ローン通る事を願います🙏,伊藤圭佑_HY,2026/07/30 17:02:01,TRUE,FALSE,,
村山昌子,小野龍一,栗山裕仁,長州蓄電池6.5kw単機能　増設,"1,980,000",九州,"借換フックのNICEアポでした🔥
聞く姿勢ばっちりでスムーズすぎました。

最低目標3成約達成素晴らしい！

鹿児島刑務所収容の皆さん
7月も多くのアポを繋いでいただき
ありがとうございました🫱🏿‍🫲🏻

23商談21成約という結果で終われました🌋
また来月も震災に負けず、頑張りましょう🫂",栗山裕仁_JINNOVA,2026/07/30 17:23:15,TRUE,FALSE,,
 金城 行定,野村 俊介 Corest home,伊木 裕二 Corest home,住友電工 蓄電池7.7kWh,"2,475,000",沖縄,メーカー15年+自社5年保証,伊木裕二_Corest home,2026/07/30 20:32:02,TRUE,FALSE,,
萩野　弘明,藤田　千絢,徳永優太,"シャープ7.7kw
コロナエコキュート370","2,420,000",四国,,徳永優太_forme works,2026/07/31 13:33:32,TRUE,FALSE,,
國立治,百瀬遥輝,横山豪,SHARP9.5kwh、パナソニックエコキュート、ヘムス,"2,410,000",東海,,横山豪_スマートハウス推進統括本部,2026/07/31 17:44:06,TRUE,FALSE,,
村田秀剛,木村瞭太,鈴木隆輔,"長州産業蓄電池12.7キロ
三菱エコキュート460リットル","2,970,000",東海,,鈴木隆輔,2026/07/31 18:14:48,TRUE,FALSE,,
西田昇,訪販,一木亮太,"DMM蓄電池14kw
自社20年","2,855,000円",関東,,一木亮太　HY,2026/07/31 18:55:04,TRUE,FALSE,,
添川翔太様(ソエカワショウタ),若井勇人,阿部隆之介,"長州パネル2.7kw
長州蓄電池6.5kw全負荷
メーカー保証15年","¥3,350,000",関東,今後ともよろしくお願い致します！！,阿部隆之介_STORIA,2026/07/31 20:00:21,TRUE,FALSE,,
田中保志様,大谷勇斗,横山豪,SHARP蓄電池9.5kwh.ヘムス,"1,980,000",東海,,横山豪_スマートハウス推進統括本部,2026/07/31 20:16:52,TRUE,FALSE,,
坂中　祐輔様,河野大輝,浅井詩音,"長州産業蓄電池12.7kwh
特定不可ハイブリッド
保証20年（自社延長保証5年）","2,860,000円",九州,,河野大輝　アフターホーム,2026/07/31 21:39:38,TRUE,FALSE,,
青木和代,濵田裕大,久保海飛,"DMM14.3
自社5年延長保証
コロナ370角型
CUBEJ
","2,970,000",関東,ナイス一発目です！！！,久保海飛_Ambitious株式会社,2026/08/01 10:57:17,TRUE,FALSE,,
瀧本　守,河本一樹,徳永優太,"長州蓄電池12.7
全負荷メーカー20年保証","2,310,000",四国,,徳永優太_forme works,2026/08/01 11:10:17,TRUE,FALSE,,
竹内徳行,尾関鎮,川上留以,"長州産業蓄電池12.7kwh全負荷ハイブリッド
パナソニックエコキュート460","3,080,000",東海,,川上 留以_スマートハウス推進統括本部,2026/08/01 11:42:17,TRUE,FALSE,,
持田栄,原口慎太郎,山口裕馬,"ニチコン19.9入替
キューブJ
メーカー15年＋自社5年延長保証付き",3465000,関東,今月もスタート🔥ナイスアポ👍,山口裕馬_HY,2026/08/01 11:49:29,TRUE,FALSE,,
鎌倉滋,伊井大陽,横山豪,dmm蓄電池7.1kwh,"1,760,000",東海,,横山豪_スマートハウス推進統括本部,2026/08/01 12:36:42,TRUE,FALSE,,
谷口健治様,百瀬遥輝,横山豪,長州産業蓄電池12.7kwh全負荷20年,"2,640,000",東海,,横山豪_スマートハウス推進統括本部,2026/08/01 15:05:00,TRUE,FALSE,,
若林晃芳,伊井大陽,川上留以,長州産業蓄電池12.7kWh特定負荷ハイブリッド,"2,255,000円",東海,,川上 留以_スマートハウス推進統括本部,2026/08/01 15:08:47,TRUE,FALSE,,
水野　隼弥,小山元気,伊藤蓮,DMM14全負荷,2310000,東海,"初アポ決めれてよかったです！
ありがとうございました！",伊藤蓮_スマートハウス推進統括本部,2026/08/01 16:28:22,TRUE,FALSE,,
井上直樹,佐藤響,小林祐真,"長州蓄電池9.8kwh特定負荷ハイブリッド
メーカー20年保証","¥2,420,000税込",東海,息子様揃えてくれてて決まりました！,小林祐真_Ambitious株式会社,2026/08/01 17:07:42,TRUE,FALSE,,
鈴木明,小寺茉友,野中大生,SHARP9.5kwh コロナ370L,2860000,関東,,野中大生,2026/08/01 17:19:06,TRUE,FALSE,,
大迫あや,長谷川拓耶,栗山裕仁,"DMM蓄電池15kw全負荷HYB
メーカー20年保証","2,860,000",九州,"8月鹿児島一発目🌋

ハセ、NICEアポ！
先月数字落ちた要因の分析、改善🔥
鹿児島は協力して数字を積み重ねる
からもっとみんなの良いとこを学ぼう！",栗山裕仁_JINNOVA,2026/08/01 17:47:41,TRUE,FALSE,,
軽米 康人 カルマイ ヤスヒト,訪販,楢岡大樹,Dmm14.3kWh,"2,090,000",関東,"現調日と工事日未定
後日確認",楢岡大樹_HY,2026/08/01 18:42:57,TRUE,FALSE,,
末永清隆,一ノ瀬文哉,久保海飛,"DMM14.3
自社10年延長保証
CUBEJ
コロナエコキュート370角型","2,970,000",関東,"ナイス即アポです！！！
奥様確認だけ祈りましょう！！",久保海飛_Ambitious株式会社,2026/08/01 18:51:41,TRUE,FALSE,,
鈴木 衛,春日柚樹也,小林祐真,"長州蓄電池12.7kwh特定負荷ハイブリッド
メーカー20年保証","¥2,049,300税込",東海,"なんとか回収
相見積もりで粗利が薄い🙏",小林祐真_Ambitious株式会社,2026/08/01 19:13:18,TRUE,FALSE,,
坂本政紀様,長井登和,板倉崇晃,"パワーデポ7.7kwh
パナソニックエコキュート
パナソニックIH","2,980,000円",東海,,板倉崇晃 ゼニソ,2026/08/01 21:40:37,TRUE,FALSE,,
佐藤 雄一郎,石井勝己,小林祐真,"長州蓄電池12.7kwh特定負荷ハイブリッド
メーカー20年保証
コロナエコキュート460 ","¥2,970,000税込",東海,ナイスアポ！今月も絶対達成しよう‼️,小林祐真_Ambitious株式会社,2026/08/02 10:37:56,TRUE,FALSE,,
千田雅浩,池田康彦,野中大生,長州12.7全負荷,2860000,関東,,野中大生,2026/08/02 11:28:46,TRUE,FALSE,,
南勇輝,末吉剛大,星崎政和,"
長州蓄電池13kwh全負荷ハイブリッド
メーカー20年保証",2475000,東海,豊明市補助金,星崎政和_Ambitious株式会社,2026/08/02 12:44:34,TRUE,FALSE,,
岸上晃文,藤田千絢,徳永優太,"nichicon14.9kw
自社20年保証
HEMS","2,475,000",四国,,徳永優太_forme works,2026/08/02 14:07:49,TRUE,FALSE,,
坂地英刀,大塚祝桜,横田哲士,長州蓄電池12.7kwh ヘムス,2530000,関東,,横田哲士_LIVIONpartners,2026/08/02 14:29:48,TRUE,FALSE,,
宮本宙武,中川魁人,久保海飛,"DMM14.3
自社10年延長保証
CUBEJ","2,695,000",関東,返還金あり,久保海飛_Ambitious株式会社,2026/08/02 14:34:23,TRUE,FALSE,,
川口智裕,大塚祝桜,石川平馬,長州蓄電池12.7キロ,"2,420,000",関東,,石川平馬,2026/08/02 15:35:43,TRUE,FALSE,,
石原正浩,若山峻護,星崎政和,"長州産業蓄電池13kwh
全負荷
メーカー20年保証",2200000,東海,"安城市補助金

3週間前に長州蓄電池150万円ぐらいで提案されていたので、粗利少なめです。",星崎政和_Ambitious株式会社,2026/08/02 16:15:37,TRUE,FALSE,,
櫛田浩介,吉田龍吾,川上留以,"長州産業12.7kwh全負荷ハイブリッド
日立IHクッキングヒーター","3,245,000",東海,"初成約おめでとう！！
頑張ろう！！",川上 留以_スマートハウス推進統括本部,2026/08/02 16:19:51,TRUE,FALSE,,
柴岡忠生,高橋崇大,野中大生,DMM14.3kwh 全負荷,2310000,関東,,野中大生,2026/08/02 16:52:08,TRUE,FALSE,,
星野ケイセリー,一ノ瀬文哉,久保海飛,"DMM14.3
自社5年延長保証
CUBEJ","2,750,000",関東,"返還金あり
ナイスアポ！",久保海飛_Ambitious株式会社,2026/08/02 16:59:19,TRUE,FALSE,,
森 邦春,上田洋平,小林祐真,"長州蓄電池6.5kwh特定負荷ハイブリッド
メーカー20年保証","¥2,310,000",東海,今月は上田さんの本気が見たい‼️,小林祐真_Ambitious株式会社,2026/08/02 17:03:52,TRUE,FALSE,,
大山 史洋,胡木 真吾,髙林 大夢,DMM蓄電池7kw、日立IH,"2,640,000",東北,,高林 大夢_LeadMore,2026/08/02 17:48:40,TRUE,FALSE,,
濱崎純,須藤隆成,白方 誠人,"長州産業スマートpvマルチ6.5全負荷メーカー20年保証
コロナエコキュート460","2,530,000",東海,,（株）ベスティブロ　白方 誠人,2026/08/02 19:38:27,TRUE,FALSE,,
川田孝三,平山沙羅,篠田直己,"長州パネル　6.383kw
長州蓄電池　全負荷9.8kwh","3,800,000",九州,"@平山沙羅

今月出だしナイス契約ぅ🔥
流石のアポ質でした✌️
良いおねぇさんって奥様が言ってたから人売りも内容もしっかり刺さってました💪",篠田直己_STORIA,2026/08/02 21:04:06,TRUE,FALSE,,
青名畑 翔,一ノ瀬文哉,久保海飛,"長州9.8単機能
メーカー20年保証
コロナエコキュート460角型
CUBEJ","2,134,000",関東,"ナイス即日アポです！！
ガチの激闘でした！！！",久保海飛_Ambitious株式会社,2026/08/02 22:21:54,TRUE,FALSE,,
水上　エドアルド,山下翔平,御船正己,"長州産業蓄電池9.8キロ
ハイブリッド特定負荷
メーカー20年保証
コロナエコキュート370L",3960000,東海,施工店ワールド電化,御船正己_Ambitious株式会社,2026/08/03 12:28:33,TRUE,FALSE,,
渡辺隆徳,三好雄太,星崎政和,"長州蓄電池12.7キロ
全負荷
メーカー保証20年","2,475,000",東海,施工テクノホーム,星崎政和_Ambitious株式会社,2026/08/03 16:19:17,TRUE,FALSE,,
垣水純一,山口裕馬,山口裕馬,"ニチコン19.9
キューブJ
メーカー15年＋自社5年延長保証付き","3,520,000",関東,8月もがんばりまっちょ🦍,山口裕馬_HY,2026/08/03 16:50:43,TRUE,FALSE,,
中薗兼太,小野龍一,栗山裕仁,"DMM蓄電池14kw全負荷HYB
メーカー20年保証","2,970,000",九州,"おのっちNICE❤️‍🔥休日返上同席！

二人で鹿児島霧島の滝行又、
温泉入ってからの商談は痺れましたね♨️
滝行行ってから契約取る営業マンは
我々唯一無二です💁🏽‍♂️笑",栗山裕仁_JINNOVA,2026/08/03 19:14:33,TRUE,FALSE,,
岡田 誠司 オカダ セイジ,楢岡大樹_HY,楢岡大樹_HY,シャープ15.4,"2,970,000",関東,,楢岡大樹_HY,2026/08/04 12:41:45,TRUE,FALSE,,売買契約書：契約日欄の訂正印が契約印と相違
馬渡俊豪,久保海飛_Ambitious株式会社,久保海飛_Ambitious株式会社,"長州12.7特定負荷
CUBE J","2,750,000",関東,"アポインター 濵田裕大

奥様確認と、銀行融資祈りましょう！",久保海飛_Ambitious株式会社,2026/08/04 15:03:14,TRUE,FALSE,,
湯浅良将,吉田悠太_ベスティブロ,川上 留以_スマートハウス推進統括本部,DMM7キロ全負荷,"2,255,000円",東海,,川上 留以_スマートハウス推進統括本部,2026/08/04 19:55:17,TRUE,FALSE,,
鶴澤隆司,篠田直己_STORIA,篠田直己_STORIA,長州パネル　7.824kw  長州蓄電池9.8kw 全負荷,"3,500,000",関東,"アポインターの選択欄が少なかった為、自アポの様になってますが、本当はHYさんの杉山大樹君です。
@杉山大樹
アポ質流石すぎ🔥
一生懸命回ってるのをアポの日に3回見たから頑張ってて話聞いちゃったって言ってたよ！
見てる人は見てる！素晴らしい態度だね✌️",篠田直己_STORIA,2026/08/05 10:32:42,TRUE,FALSE,,
竹内宏子,一ノ瀬文哉,久保海飛,"ニチコン19.9
自社5年延長保証
CUBEJ","2,970,000",関東,"返還金あり
現調後、パネル張替えの契約もいただきます！
ナイス即日アポです！",久保海飛_Ambitious株式会社,2026/08/05 18:03:43,TRUE,FALSE,,
半田泰子(ハンダヤスコ),佐野允秋,伊藤圭佑,DMM蓄電池14.3kwh,"2,222,000",関東,"粗利薄くてごめんなさい！
初契約おめでとうございます㊗️㊗️㊗️",伊藤圭佑_HY,2026/08/06 11:20:53,TRUE,FALSE,,
蛭田廣一,伊井大陽,横田哲士,DMM14.3kwh ヘムス,2640000,関東,,横田哲士_LIVIONpartners,2026/08/06 11:41:23,TRUE,FALSE,,
清水一,大塚祝桜,横田哲士,ニチコン19.9kwh ヘムス,2750000,関東,,横田哲士_LIVIONpartners,2026/08/06 14:32:24,TRUE,FALSE,,
長間寛之,池田康彦,久保海飛,"DMM14.3
自社10年延長保証
CUBEJ","2,695,000",関東,"奥様確認は必要ですが、おそらく大丈夫です！
ナイスアポイントです！",久保海飛_Ambitious株式会社,2026/08/06 21:53:35,TRUE,FALSE,,
山下公平,曽我部千稜,橋口航大,"長州産業蓄電池12.7kw 
メーカー保証20年",2300000,九州,"曽我部君の初の振りアポ決めれてよかった。
ありがとね。

俺らに任せてくれるって言われた時は嬉しかったね😊この気持ちを忘れずに8月も素敵なお客様に出会おう。

鹿児島は栗山と橋口にお任せを👍",橋口航大_スマートハウス推進統括本部,2026/08/06 22:11:51,TRUE,FALSE,,
和田明樹,濵田祐大,久保海飛,"DMM14.3
自社5年延長保証
コロナエコキュート370
CUBEJ","3,080,000",関東,ゆうたさんナイスアポ！！！,久保海飛_Ambitious株式会社,2026/08/07 10:35:24,TRUE,FALSE,,
濱島賢益,春日柚樹也,星崎政和,"SHARP蓄電池9.5KF パワコン
全負荷
メーカー保証延長15年",2695000,東海,"施工店テクノホーム
補助金なし",星崎政和_Ambitious株式会社,2026/08/07 16:28:10,TRUE,FALSE,,
江澤崇,濵田祐大,久保海飛,"ニチコン19.9
自社5年延長保証
CUBEJ","3,080,000",関東,"返還金あり
めちゃくちゃでかい犬2匹いてジャッケットよだれまみれになりました！
夫婦両面のナイスアポです！",久保海飛_Ambitious株式会社,2026/08/07 19:58:14,TRUE,FALSE,,
小嶋昌志,中川魅人,野中大生,長州12.7,2530000,関東,,野中大生,2026/08/08 10:45:35,TRUE,FALSE,,
阿部正行,白方 誠人,白方 誠人,"長州産業9.8全負荷　
メーカー15年保証
コロナエコキュート370
延長10年保証","¥2,530,000",東海,"現調　8/29
工事日　9/12",（株）ベスティブロ　白方 誠人,2026/08/08 11:21:42,TRUE,FALSE,,
海野正洋,大塚祝桜,石川平馬,DMM蓄電池14.3kWh,"2,970,000",関東,,石川平馬,2026/08/08 11:30:50,TRUE,FALSE,,
近藤泰弘,三好雄太,星崎政和,"長州蓄電池12.7全負荷
メーカー保証20年",2530000,東海,"テクノホーム
みよし市補助金",星崎政和_Ambitious株式会社,2026/08/08 11:36:15,TRUE,FALSE,,
開道聡子,高橋崇大,横田哲士,DMM14.3kwh ヘムス,2200000,関東,"ヘーベルハウスの妨害が怖いですが、何とか成約です！
アポイントありがとうございました💪",横田哲士_LIVIONpartners,2026/08/08 14:28:38,TRUE,FALSE,,
清水奈美,伊藤圭佑,伊藤圭佑,"DMM蓄電池14kwh
自社10年保証
コロナエコキュート460L
CUBEJ","2,970,000",関東,,伊藤圭佑_HY,2026/08/08 14:40:39,TRUE,FALSE,,
近藤友克,井本優良,山口裕馬,"dmm14.3
全負荷
キューブJ
メーカー10年＋自社10年延長保証付き",3080000,関東,ナイス両面アポ🔥,山口裕馬_HY,2026/08/08 15:53:00,TRUE,FALSE,,
大古殿和磨,曽我部千稜,栗山裕仁,"DMM10kw全負荷HYB
メーカー20年保証
コロナエコキュート370L 入替","2,970,000",九州,"再エネ✖️金融
しっかりとしっかりと🫱🏿‍🫲🏻
今月もBestコンビ賞を狙いに🏆",栗山裕仁_JINNOVA,2026/08/08 16:06:14,TRUE,FALSE,,
渡邊智也,尾関鎮,川上留以,長州蓄電池12.7kwh全負荷ハイブリッド　エアコン2台,"3,300,000円",東海,,川上 留以_スマートハウス推進統括本部,2026/08/08 16:09:19,TRUE,FALSE,,
青池啓忠,鈴木崇,一木亮太,"Aikoソーラー5.9
DMM14kw×2
HEMS
自社保証＋10年延長","5,410,100",関東,"入社10日目で創畜アポ取って契約まで決まるとは思わなかった素晴らしすぎる
アポありがとう！",一木亮太　HY,2026/08/08 16:21:55,TRUE,FALSE,,
竹中正樹　タケナカマサキ,長谷川景英,安藤大晃,"長州蓄電池9.8kw 全負荷
20年自社延長保証
",2310000,東海,"初契約おめでとう！！
ナイスアポ😊
一緒に頑張ろ👍",安藤大晃　D-MAK,2026/08/08 16:36:56,TRUE,FALSE,,
工藤正行,一ノ瀬文哉,野中大生,ニチコン19.9,2750000,関東,,野中大生,2026/08/08 17:05:31,TRUE,FALSE,,
平岡　昭人様　,河野大輝,浅井詩音,"長州蓄電池 12.7kwh
保証：20年(自社延長5年)
コロナエコキュート460L
","3,300,000円",九州,,河野大輝　アフターホーム,2026/08/08 18:06:07,TRUE,FALSE,,
庄子 直美,佐藤 大,髙林 大夢,DMM蓄電池7kw,"2,750,000",東北,,高林 大夢_LeadMore,2026/08/08 19:38:07,TRUE,FALSE,,
後藤脩冶,末吉剛大,御船正己,"シャープ蓄電池15.4キロ
ハイブリッド全負荷
メーカー15年保証
自社5年延長保証
シャープHEMS","4,180,000",東海,施工店ワールド電化,御船正己_Ambitious株式会社,2026/08/09 11:01:55,TRUE,FALSE,,
藤枝俊輔,濵田裕大,久保海飛,"DMM14.3
自社10年延長保証
CUBEJ","2,420,000",関東,"粗利薄くてすみません💦
ナイスアポです！",久保海飛_Ambitious株式会社,2026/08/09 11:03:15,TRUE,FALSE,,
園田 はるみ,上田洋平,小林祐真,"SHARP7.7kwh蓄電池
コロナエコキュート370","¥2,970,000税込",東海,青空商談！ナイスアポです上田さん！,小林祐真_Ambitious株式会社,2026/08/09 11:10:52,TRUE,FALSE,,
本埜栄一,篠優,山口裕馬,"ニチコン19.9
キューブJ
メーカー15年＋自社5年延長保証付き
",3520000,関東,ナイスアポ🔥篠君の誠実なところに惹かれたとのこと！,山口裕馬_HY,2026/08/09 12:25:24,TRUE,FALSE,,
小林俊堯,山里泰聖,一木亮太,"ニチコン19.9
HEMS","2,890,000",関東,"条件の整ったいいアポだった！
ありがとう！！",一木亮太　HY,2026/08/09 13:01:55,TRUE,FALSE,,
杉野晃,吉田龍,川上留以,長州蓄電池12.7kwh全負荷ハイブリッド20年保証,"2,860,000円",東海,,川上 留以_スマートハウス推進統括本部,2026/08/09 13:34:54,TRUE,FALSE,,
尚峰,濵田裕大,久保海飛,"DMM14.3
自社10年延長保証
CUBEJ","2,299,000",関東,"夫婦両面のナイスアポです！
お隣のお家が去年30万で蓄電池導入されており粗利薄いです🙇‍♂️",久保海飛_Ambitious株式会社,2026/08/09 13:49:45,TRUE,FALSE,,
髙橋利行,中川魁人,石川平馬,DMM蓄電池14kwh,"2,200,000",関東,"最低粗利ですみません！
なんとか粘り勝ちしました！
アポありがとうございます🔥",石川平馬,2026/08/09 14:57:08,TRUE,FALSE,,
榎本武,佐野允秋,伊藤圭佑,"DMM14kwh
自社10年保証
コロナエコキュート460L
CUBE J","3,190,000",関東,2件目ナイスです🔥今月一緒にあげ切りましょう❤️‍🔥,伊藤圭佑_HY,2026/08/09 15:41:13,TRUE,FALSE,,
谷口金重,横山豪,横山豪,SHARP7.7kwh、HEMS,"2,200,000",東海,,横山豪_スマートハウス推進統括本部,2026/08/09 17:04:16,TRUE,FALSE,,
髙坂康雅,濵田裕大,久保海飛,"DMM14.3
自社5年延長保証
CUBEJ
リンナイ食洗機","2,640,000",関東,"夫婦両面のナイスアポです！
ナイス3件です！！",久保海飛_Ambitious株式会社,2026/08/09 17:05:31,TRUE,FALSE,,
福島 聡,佐藤響,小林祐真,"長州蓄電池6.3kwh特定負荷ハイブリッド
長州太陽光パワコン単体","¥2,475,000税込",東海,"強敵ご主人仲間にしてきました‼️
ナイスです👍",小林祐真_Ambitious株式会社,2026/08/09 17:13:25,TRUE,FALSE,,
黒河　拓矢,武本遼,胡木真吾,DMM14kh,"2,530,000",中国,,胡木真吾,2026/08/09 17:15:27,TRUE,FALSE,,
下村賢二,春日柚樹也,星崎政和,"長州蓄電池6.5全負荷
メーカー20年保証",2365000,東海,"テクノホーム
豊明市補助金",星崎政和_Ambitious株式会社,2026/08/09 17:38:01,TRUE,FALSE,,
新井亮様(アライリョウ),小島克哉,阿部隆之介,"カナディアンパネル3.65kw
カナディアン蓄電池9.9kwh","¥3,700,000",関東,延長保証＋5年,阿部隆之介_STORIA,2026/08/09 18:09:23,TRUE,FALSE,,
石田博隆,篠優,山口裕馬,"ニチコン19.9
キューブJ
メーカー15年＋自社5年延長保証付き",3520000,関東,決まらない方がおかしいアポでした🔥優！クローザーになるぞ📕,山口裕馬_HY,2026/08/09 18:18:25,TRUE,FALSE,,
後藤和美様,信國謙太朗,熊谷康佑,"DMM蓄電池7kw全負荷
自社10年延長保証
コロナエコキュート370L
日立IH60cm
",2860000,東海,,熊谷康佑_LeadMore,2026/08/09 18:38:55,TRUE,FALSE,,
川本貴士,上田洋平,御船正己,"長州産業蓄電池12.7キロ
単機能
メーカー20年保証
CORONAエコキュート薄型370l
日立洗濯機","3,960,000",東海,施工店ワールド電化,御船正己_Ambitious株式会社,2026/08/09 18:44:15,TRUE,FALSE,,
八田彰伸,篠優,一木亮太,DMM蓄電池14kw,"2,230,000",関東,今日は優くん祭りやね笑,一木亮太　HY,2026/08/09 19:17:24,TRUE,FALSE,,
田中雄飛,佐野允秋,一木亮太,"DMM蓄電池14kw ×2機
コロナエコキュート460
自社保証10年","4,686,000",関東,さすがWi-Fiで鍛えた営業力は伊達じゃないですね！笑,一木亮太　HY,2026/08/09 19:19:56,TRUE,FALSE,,
岩坂麻沙代,角谷成映,栗山裕仁,コロナエコキュート370 入替,"1,100,000",九州,"今月遅めの1件目🔥
エコキュート単品攻め！
商談同行ありがとう",栗山裕仁_JINNOVA,2026/08/09 20:28:33,TRUE,FALSE,,
近藤健一,篠優,一木亮太,"DMM蓄電池14kw
自社保証10年延長
HEMS","2,380,000",関東,"優くんのアポはいつもお客様が歓迎してくれるから商談しやすい！！！
ありがとう！！！",一木亮太　HY,2026/08/10 13:17:04,TRUE,FALSE,,
右高一成,吉田悠太,伊藤蓮,"長州産業12.7特定
コロナEQ460
リンナイガスコンロ",2970000,東海,,伊藤蓮_スマートハウス推進統括本部,2026/08/10 18:54:56,TRUE,FALSE,,
上野大介様,横山藍己,板倉崇晃,長州蓄電池9.7全負荷,"2,290,000円",東海,,板倉崇晃 ゼニソ,2026/08/10 19:23:42,TRUE,FALSE,,
菊岡幸三,一ノ瀬文哉,久保海飛,"DMM14.3
自社5年延長保証
CUBEJ","2,574,000",関東,夫婦両面のナイスアポです！！,久保海飛_Ambitious株式会社,2026/08/11 12:24:47,TRUE,FALSE,,
マツダ　セールソ　イツオ,春日柚樹也,星崎政和,"長州産業蓄電池12.7 
全負荷　
メーカー保証20年","3,465,000",東海,"テクノホーム
補助ナシ",星崎政和_Ambitious株式会社,2026/08/11 13:16:28,TRUE,FALSE,,
時任健翔,曽我部千稜,栗山裕仁,DMM蓄電池ユニット　増設10kw,"2,200,000",九州,"NICEアポ、素晴らしい👍🏿
今月もアポインターランキング1位
目指してlet's go🔥",栗山裕仁_JINNOVA,2026/08/11 15:07:41,TRUE,FALSE,,
岡部明子,濵田裕大,久保海飛,"DMM14.3
自社10年延長保証
CUBEJ
コロナエコキュート370角型","3,300,000",関東,"息子様細かい方でしたが、条件、聞く体勢が取れてたので決まりました！
息子様同席のナイスアポです！",久保海飛_Ambitious株式会社,2026/08/11 15:34:37,TRUE,FALSE,,
安藤勝久,藤本啓介,星崎政和,"SHARP蓄電池15.4
全負荷
メーカー15年　自社延長5年保証
HEMS",3025000,東海,"テクノホーム
補助金ナシ",星崎政和_Ambitious株式会社,2026/08/11 15:39:55,TRUE,FALSE,,
前田卓男,五十嵐聖,横田哲士,DMM14.3kwh ヘムス,2860000,関東,,横田哲士_LIVIONpartners,2026/08/11 18:29:07,TRUE,FALSE,,
伊藤秀樹,木村瞭太,横山豪,dmm14kwh、PanasonicIH、ナビッシュ水栓,"2,420,000",東海,,横山豪_スマートハウス推進統括本部,2026/08/12 16:31:51,TRUE,FALSE,,
飯塚宏和,一ノ瀬文哉,久保海飛,"ニチコン19.9
自社5年延長保証
CUBEJ","2,860,000",関東,"なぜかいけました！手出し1円でも出るならやらないと言われましたが、熱意を持って説明をしたら、お客様も納得して頂けました！
ナイスアポです！",久保海飛_Ambitious株式会社,2026/08/12 16:45:11,TRUE,FALSE,,
伊藤雅様,尾関鎮,白方 誠人,"SHARP7.7kw全負荷
HEMS
自社含む20年保証
コロナエコキュート460
コロナエコキュート370
延長10年保証","3,190,000",東海,"現場調査9/12
工事日9/26",（株）ベスティブロ　白方 誠人,2026/08/12 17:02:44,TRUE,FALSE,,
鼻﨑圭三,伴瑛志郎,小林祐真,"長州蓄電池9.8kwh特定負荷ハイブリッド
メーカー20年保証","¥2,200,000税込",東海,"粘りまくって切り返ししまくってなんとか成約に至りました‼️
えいしろう今月5件やろう！",小林祐真_Ambitious株式会社,2026/08/12 17:04:55,TRUE,FALSE,,
岸光男,石橋優翔,伊藤圭佑,"DMM14kwh
コロナエコキュート370L
CUBE J","30,250,000",関東,"両面の最高すぎるアポありがとう！
ゆうと君初契約おめでとう㊗️🎊🍾",伊藤圭佑_HY,2026/08/12 17:06:19,TRUE,FALSE,,
鯵坂　祐樹,曽我部　千稜,橋口　航大,"dmm7kwh 全負荷
メーカー20年保証",2090000,九州,"久々のアポ同行からの日切り2日以内の商談！！

NEOからの提案を蹴って今回任せてもらいました🔥

アポありがとう🤝🏻",橋口航大_スマートハウス推進統括本部,2026/08/12 17:31:54,TRUE,FALSE,,
中根利昌,上田洋平,小林祐真,"長州蓄電池12.7kwh全負荷
メーカー20年保証","¥2,640,000税込",東海,今月まだまだいきましょう！,小林祐真_Ambitious株式会社,2026/08/13 10:42:03,TRUE,FALSE,,
則竹正徳,吉田悠太,川上留以,長州蓄電池6.3kw単機能,"1,650,000円",東海,DR補助金をどうしても待ちたいとのことだったので、粗利低くなりました🙇,川上 留以_スマートハウス推進統括本部,2026/08/13 10:50:30,TRUE,FALSE,,
田中誠,橋口航大,栗山裕仁,"DMM15kw全負荷HYBメーカー20年保証
入替","2,640,000",九州,"借換は金利差がない為、
思い切って信販に切り替えて🔥
なんとか🤦🏽‍♂️お繋ぎアポは必死で！

奥様不在、ジョイフル商談の為
審査結果次第で再度奥様含め話しに
行く必要があるのでその際は一緒に🫱🏿‍🫲🏻",栗山裕仁_JINNOVA,2026/08/13 11:50:51,TRUE,FALSE,,
小松　博和,藤田千絢,徳永優太,ニチコン19.9kw 自社20年保証,"2,640,000",四国,,徳永優太_forme works,2026/08/13 13:08:19,TRUE,FALSE,,
山口竣也,小島克哉,篠田直己,"カナディアンパネル　5.580kw
カナディアンEPCUBE 9.9kwh","3,200,000",関東,"パワコン20年保証
自然災害保証

@小島克哉
ナイス成約👍
いつも歩いてるの見るから頑張ってるんだなぁって言ってたよ🙌
人としてもよく成長してますね！
即決渋られちょい粗利削ったの申し訳ない🙇‍♂️

これからも突っ走ってくれい🔥",篠田直己_STORIA,2026/08/13 14:00:32,TRUE,FALSE,,
具志堅太一,小野龍一,栗山裕仁,DMM15kw全負荷HYBメーカー20年保証,"2,860,000",九州,"3度通い奥様とやっと会えました😭
伝説のポケモンばりに丁寧に扱い
しっかりと納得してもらえました！

アフターフォローはボディビルダーと元芸人でしますのでと伝えてありますので、しっかりと今後お付き合いしましょう🫱🏿‍🫲🏻アポありがとうございました！",栗山裕仁_JINNOVA,2026/08/13 16:01:26,TRUE,FALSE,,
倉野幹也,一ノ瀬文哉,久保海飛,"DMM14.3
CUBEJ
自社10年延長保証
三菱IH","2,860,000",関東,"夫婦両面のナイスアポです！！
パグ可愛くてIH付けちゃいました！",久保海飛_Ambitious株式会社,2026/08/13 20:26:24,TRUE,FALSE,,
日髙秀郷,伊藤蓮,伊藤蓮,"長州6.5特定負荷
三菱エコキュート460l",2365000,東海,,伊藤蓮_スマートハウス推進統括本部,2026/08/14 12:47:46,TRUE,FALSE,,
新堀江莉,小野龍一,栗山裕仁,"DMM15kw全負荷HYBメーカー20年保証
入替
コロナエコキュート370
入替","3,190,000",九州,"大型入替契約、借換捨てて信販で
ズバッとです🫱🏿‍🫲🏻🔥
2日連続契約NICEです！
アポありがとうございました🫱🏿‍🫲🏻

お繋ぎアポ2商談2成約
週明けからの帰省ゆっくりしてきてください🛩️",栗山裕仁_JINNOVA,2026/08/14 12:56:50,TRUE,FALSE,,
松本敦,佐々木蓮,一木亮太,"DMM蓄電池14kw
コロナエコキュート460L
保証5年延長","3,093,000",関東,,一木亮太　HY,2026/08/14 13:14:20,TRUE,FALSE,,
豊蔵規久,橋口航大,栗山裕仁,SHARP6.5kw 増設,"1,980,000",九州,"火曜日商談済みで再エネのプロが
銀行の話をするのを怪しまれ、
本日一緒に仲良く銀行へ行き
全てを理解してくれご契約🧏🏿‍♂️

素晴らしい事をしてるんですねと
ご夫婦に褒めていただきました。笑
だから自衛隊の方紹介くださいねと☺️

人売りコンビ二人ならではの契約です🫱🏿‍🫲🏻
アポありがとうございました！！",栗山裕仁_JINNOVA,2026/08/14 14:08:03,TRUE,FALSE,,
山﨑高史,富田健斗,徳永優太,"シャープ蓄電池9.5kw
EV用コンバータ
EV用ケーブル
自社20年保証","2,904,000",四国,,徳永優太_forme works,2026/08/14 14:57:28,TRUE,FALSE,,
岩本龍士,大谷勇斗,中島将暢,クラウド蓄電池6.5kwh全負荷増設,1982410,東海,,中島将暢　JINNOVA,2026/08/14 15:13:41,TRUE,FALSE,,
長﨑哲也,末吉剛大,井上務,SHARP単体パワコン,"589,600",東海,施工店ワールド電化,井上務_Ambitious株式会社,2026/08/14 15:17:24,TRUE,FALSE,,
吉村啓太,岡元莉輝,小林祐真,"長州蓄電池12.7kwh特定負荷ハイブリッド
メーカー20年保証
コロナエコキュート460L","¥2,970,000税込",東海,岡元くんナイスアポ👍,小林祐真_Ambitious株式会社,2026/08/14 15:56:43,TRUE,FALSE,,
大山真一,佐藤響,星崎政和,"長州蓄電池12.7
特定負荷
メーカー保証20年",2365000,東海,"テクノホーム
補助金豊田市",星崎政和_Ambitious株式会社,2026/08/14 16:31:33,TRUE,FALSE,,
飯沼憲男,大橋飛翔,久保海飛,"長州6.5特定負荷
メーカー20年保証","2,310,000",関東,"補助金のありがたみを知りました！
奥様確認だけ祈りましょう！！",久保海飛_Ambitious株式会社,2026/08/14 17:45:01,TRUE,FALSE,,
横畠構造,富田健斗,徳永優太,シャープパワコン単体,"550,000",四国,,徳永優太_forme works,2026/08/14 18:43:04,TRUE,FALSE,,
高橋 芳之,佐藤 大,髙林 大夢,DMM蓄電池7kw,"2,750,000",東北,,高林 大夢_LeadMore,2026/08/14 20:11:17,TRUE,FALSE,,
甲斐修,中川魁人,久保海飛,"DMM14.3
自社10年延長保証
CUBEJ","2,750,000",関東,"奥様確認はいるけど多分大丈夫！
ナイスアポ！
今月やろう！！！！",久保海飛_Ambitious株式会社,2026/08/15 11:11:08,TRUE,FALSE,,
福長大貴,尾関鎮,白方 誠人,"長州産業12,7kw全負荷
メーカー20年保証","3,080,000",東海,"現場調査9/10
工事日9/28",（株）ベスティブロ　白方 誠人,2026/08/15 13:19:15,TRUE,FALSE,,
松下虎太郎様(マツシタコタロウ),大西拓也,阿部隆之介,"長州産業パネル1.79kw
長州産業蓄電池6.5kwh","¥3,000,000",関東,貴重なアポありがとうございました。🙇‍♂️,阿部隆之介_STORIA,2026/08/15 13:54:18,TRUE,FALSE,,
増野　伸幸様,森井　桃花,岩本　顕,"DMM蓄電池 7kwh
保証：20年(自社延長10年)
コロナエコキュート370L","2,860,000円",九州,,河野大輝　アフターホーム,2026/08/15 13:58:47,TRUE,FALSE,,
中川誠,伊藤蓮,伊藤蓮,"長州12.7特定
コロナエコキュート460",3080000,東海,,伊藤蓮_スマートハウス推進統括本部,2026/08/15 15:08:05,TRUE,FALSE,,
薮崎博章,尾関鎮,白方 誠人,"SHARP7,7kw全負荷
自社含む20年保証
CORONAエコキュート460
","2,750,000",東海,"現場調査9/20
工事日　現場調査時",（株）ベスティブロ　白方 誠人,2026/08/15 16:25:45,TRUE,FALSE,,
森雅彦,末吉剛大,星崎政和,"長州蓄電池12.7
全負荷
メーカー保証20年",2750000,東海,"テクノホーム
市補助金なし",星崎政和_Ambitious株式会社,2026/08/15 16:42:45,TRUE,FALSE,,
松井美樹,百瀬遥希,鈴木隆輔,"長州蓄電池12.7特定負荷20年保証
三菱IH60センチ","2,970,000",東海,,鈴木隆輔,2026/08/16 10:55:19,TRUE,FALSE,,
本多俊雅,一ノ瀬文哉,久保海飛,"ニチコン19.9
自社5年延長保証
CUBEJ
三菱IH","2,970,000",関東,"夫婦両面のナイスアポです！
粗利薄くてすみません🙇‍♀️",久保海飛_Ambitious株式会社,2026/08/16 11:25:43,TRUE,FALSE,,
深瀬　博美,徳永優太,徳永優太,ニチコン14.9kw,"2,860,000",四国,,徳永優太_forme works,2026/08/16 11:28:06,TRUE,FALSE,,
山際道枝,五十嵐聖,野中大生,ニチコン19.9,3190000,関東,高齢のため身内確認次第ですが本人やる気満々でした,野中大生,2026/08/16 11:30:08,TRUE,FALSE,,
硲間雅康,門脇駆,一木亮太,"Aikoソーラー4.5kw
DMM蓄電池14kw
コロナエコキュート460L
日立IH
HEMS","4,590,000",関東,,一木亮太　HY,2026/08/16 11:42:06,TRUE,FALSE,,
平子敬也　（ヒラコ　シンヤ）,安藤大晃,安藤大晃,"長州蓄電池16.4 全負荷
20年自社延長保証
日立IH",2970000,東海,,安藤大晃　D-MAK,2026/08/16 12:29:09,TRUE,FALSE,,
風間彰,佐々木蓮,伊藤圭佑,"DMM14kwh
自社5年保証
CUBE J","2,574,000",関東,"両面テーブル商談ありがとう🙇
誕生日と契約おめでとう㊗️🍾🎊",伊藤圭佑_HY,2026/08/16 12:51:34,TRUE,FALSE,,
玉木　和明様,河野大輝,浅井詩音,"長州蓄電池 12.7kwh
保証：20年(自社延長5年)
コロナエコキュート460L
","2,800,000円",九州,,河野大輝　アフターホーム,2026/08/16 13:07:37,TRUE,FALSE,,
須川佳成,木村瞭太,鈴木隆輔,"SHARP蓄電池7.7キロ
HEMS","1,870,000",東海,,鈴木隆輔,2026/08/16 14:28:45,TRUE,FALSE,,
東郷由佳様,若山峻護,御船正己,"長州産業蓄電池12.7
ハイブリッド特定負荷
メーカー20年保証
コロナエコキュート370L
日立エアコン14畳用",4334000,東海,施工店ワールド電化,御船正己_Ambitious株式会社,2026/08/16 15:02:17,TRUE,FALSE,,
吉井淳様,小林周平,熊谷康佑,DMM蓄電池10kwh全負荷,2200000,中国,,熊谷康佑_LeadMore,2026/08/16 15:16:52,TRUE,FALSE,,
伊藤慎吾,尾関鎮,川上留以,長州産業蓄電池12.7特定負荷　日立IH,"2,420,000",東海,,川上 留以_スマートハウス推進統括本部,2026/08/16 15:53:49,TRUE,FALSE,,
工藤哲朗,大塚祝桜,野中大生,長州12.7,2200000,関東,初営業とは思えない成長っぷり💪,野中大生,2026/08/16 16:09:15,TRUE,FALSE,,
齋藤勝広,一ノ瀬文哉,久保海飛,"ニチコン19.9
CUBEJ
自社5年延長保証","3,080,000",関東,"夫婦両面のナイスアポです！
価格提示後に297万の見積り出てきてびっくりしました！",久保海飛_Ambitious株式会社,2026/08/16 17:00:20,TRUE,FALSE,,
堀之内一摩,曽我部千稜,栗山裕仁,"長州PVマルチ12.7全負荷HYB 入替
メーカー15年➕自社延長5年","2,860,000",九州,"昨日の今日でNICEアポ🔥
現場からの電話越しヒアリングと
半クロージングで印鑑持って商談来てくれるという素晴らしい人売りアポでした！

出産祝いでオムツ持っていきましょう🎁
アポありがとうございました🫱🏿‍🫲🏻",栗山裕仁_JINNOVA,2026/08/16 17:01:10,TRUE,FALSE,,
紅谷あずさ,佐藤響,小林祐真,"長州蓄電池9.8kwh特定負荷ハイブリッド
メーカー20年保証","¥2,640,000税込",東海,"複雑でしたが取り切ってきました！
融資祈りましょう！",小林祐真_Ambitious株式会社,2026/08/16 18:04:28,TRUE,FALSE,,
百武竜次,上田洋平,星崎政和,"長州蓄電池12.7
全負荷
コロナエコキュート460","3,080,000",東海,"テクノホーム
給湯器補助金",星崎政和_Ambitious株式会社,2026/08/16 19:24:16,TRUE,FALSE,,
原大介,中川魅人,野中大生,DMM14.3 コロナEQ,2750000,関東,TEL結回収遅くなりました！,野中大生,2026/08/16 19:52:12,TRUE,FALSE,,
八丈尚,中川魁人,久保海飛,"シャープ15.4
HEMS
自社5年延長保証","2,750,000",関東,"夫婦両面のナイスアポ！
経済効果薄くて、粗利少ない💦
ここ最近で、1番いいアポだった♡",久保海飛_Ambitious株式会社,2026/08/16 20:22:09,TRUE,FALSE,,
仁和　寛様,森井桃花,浅井詩音,"DMM蓄電池 7kwh 
全負荷ハイブリッド
自社20年保証
コロナエコキュート370L
日立IH","2,970,000円",九州,,河野大輝　アフターホーム,2026/08/17 20:59:22,TRUE,FALSE,,
大迫啓太,長谷川拓耶,栗山裕仁,ニチコン7.4kw ユニット増設,"1,650,000",九州,"JINNOVA 温泉合宿からのNICE商談同行！
人で取ったアポすぎて
ただ説明するだけの役やらせてくれて
ありがとう🫱🏿‍🫲🏻やっぱり人売りが全て🔥",栗山裕仁_JINNOVA,2026/08/18 11:18:52,TRUE,FALSE,,
筒井 元章,佐野允秋,楢岡大樹,ニチコン19.9,"3,080,000",関東,"初アポ決めれて良かったです！
流石HYの最古参👊

あれだけ人売りしたので奥様ブロックないこと願います🙏",楢岡大樹_HY,2026/08/18 12:33:36,TRUE,FALSE,,
栗田 洋和,楢岡大樹,楢岡大樹,ニチコン19.9,"2,640,000",関東,,楢岡大樹_HY,2026/08/18 15:50:05,TRUE,FALSE,,
大川智浩,橋口航大,栗山裕仁,"DMM14kw全負荷HYBメーカー20年保証
入替","2,970,000",九州,"金融✖️再エネ
DMM入替提案ズバッと❤️‍🔥

ローンが他にも出てきたので
しっかりと試算してメリットでました！

お約束通りに有言実行ご契約です🫱🏿‍🫲🏻
本日もアポありがとうございました！",栗山裕仁_JINNOVA,2026/08/18 19:49:17,TRUE,FALSE,,
山田雅美,春日,星崎政和,"長州産業蓄電池12.7
全負荷
メーカー20年保証
コロナエコキュート370L",2970000,東海,"テクノホーム
補助金　東浦町　エコキュート",星崎政和_Ambitious株式会社,2026/08/19 0:01:32,TRUE,FALSE,,
阿知波昭忠,春日柚樹也,星崎政和,"SHARP蓄電池7.7
全負荷
メーカー保証15年
HEMS
",2365000,東海,"テクノホーム
補助金東浦町
相見積もりが出てたので、粗利少なくなってしまいましたが、相手見積りよりは高い金額で契約もらってるので許して！",星崎政和_Ambitious株式会社,2026/08/19 16:28:39,TRUE,FALSE,,
伊藤美佐緒,原口慎太郎,井本優良,"ニチコン19.9全負荷
コロナエコキュート460l","3,850,000",関東,,井本優良　HY株式会社,2026/08/20 16:13:43,TRUE,FALSE,,
鈴木健太,尾関鎮,白方 誠人,"SHARP7.7全負荷
HEMS
CORONAエコキュート370
延長10年保証","2,530,000",東海,,（株）ベスティブロ　白方 誠人,2026/08/20 16:52:28,TRUE,FALSE,,
下田 佐知代,楢岡大樹,楢岡大樹,ニチコン19.9 ,"3,190,000",関東,自社保証5年延長,楢岡大樹_HY,2026/08/20 18:07:53,TRUE,FALSE,,
田中英子,佐野允秋,一木亮太,"DMM蓄電池14.2kw×2機
コロナエコキュート460
自社保証20年
HEMS","4,686,000",関東,,一木亮太　HY,2026/08/21 21:21:32,TRUE,FALSE,,
針生　鉄夫,伴瑛志郎,野崎太志,"SHARP9.5キロ
20年延長保証(メーカー10年＋自社10年)
HEMS","2,420,000",東海,,野崎太志,2026/08/22 11:06:06,TRUE,FALSE,,
髙澤佑太,一ノ瀬文哉,久保海飛,"DMM14.3
自社10年延長保証
CUBEJ","2,860,000",関東,夫婦両面のナイスアポです！,久保海飛_Ambitious株式会社,2026/08/22 11:07:20,TRUE,FALSE,,
折元　準様,河野大輝,浅井詩音,"長州蓄電池 12.7kwh
保証：20年(自社延長5年)
日立エアコン6畳用
","2,750,000円",九州,,河野大輝　アフターホーム,2026/08/22 12:35:41,TRUE,FALSE,,
横内和男,福島幸也,横田哲士,DMM14.3kwh ヘムス,2200000,関東,,横田哲士_LIVIONpartners,2026/08/22 12:57:38,TRUE,FALSE,,
駒形義明,一ノ瀬文哉,久保海飛,"ニチコン19.9
自社5年延長保証
CUBEJ","2,860,000",関東,"癖強兄妹でした！
決めないといけない理由が僕にはありました。
ナイスアポです！！！",久保海飛_Ambitious株式会社,2026/08/22 14:30:59,TRUE,FALSE,,
成田泰弘,若山峻護,井上務,"京セラ蓄電池ハイブリッド11.4kwh
単体パワコン","3,179,000",東海,施工店ワールド電化,井上務_Ambitious株式会社,2026/08/22 14:51:17,TRUE,FALSE,,
瀬戸口昌平,高橋崇大,野中大生,DMM14.3,2750000,関東,"高齢のため娘様確認になりますがやれる事はやってきました👍
恐らく問題なく進みます。",野中大生,2026/08/22 15:05:52,TRUE,FALSE,,
水流園友作,橋口航大,栗山裕仁,長州PVマルチ12.7全負荷HYBメーカー20年保証,"2,940,000",九州,"再エネ✖︎金融
ズバッと商談同行NICEです🫱🏿‍🫲🏻

お互い学びの時間でしたね！
ありがとうございます🙇🏽‍♂️",栗山裕仁_JINNOVA,2026/08/22 15:10:17,TRUE,FALSE,,
平松真,春日柚樹也,星崎政和,"長州蓄電池13
全負荷
コロナエコキュート370L",3025000,東海,補助金　東浦町　エコキュート,星崎政和_Ambitious株式会社,2026/08/22 15:16:09,TRUE,FALSE,,
道端智之,山口裕馬,山口裕馬,"dmm14.3
全負荷
キューブJ
メーカー10年＋自社5年延長保証付き",2860000,関東,"久しぶりの自アポ🔥
妥当楢岡🔥",山口裕馬_HY,2026/08/22 15:19:29,TRUE,FALSE,,
小林かおり様,小林周平,熊谷康佑,"DMM蓄電池7kwh
自社10年延長保証
コロナエコキュート460L",3190000,東北,,熊谷康佑_LeadMore,2026/08/22 16:09:43,TRUE,FALSE,,
手塚 和人,三宅 祐太,髙林 大夢,DMM蓄電池7kw、コロナエコキュート370L、日立IH,"3,460,000",東北,,高林 大夢_LeadMore,2026/08/22 17:24:42,TRUE,FALSE,,
渡邉　岳様,河野大輝,岩本　顕,"DMM14kwh
保証：20年(自社延長10年)","2.695,000円",九州,,河野大輝　アフターホーム,2026/08/22 17:35:01,TRUE,FALSE,,
國井善嗣,井本優良,山口裕馬,"ニチコン19.9
キューブJ
メーカー15年＋自社5年延長保証付き
三菱エコキュート460",3905000,関東,"ゆらナイス🔥
前来てくれた子がいい男だったと何回も言ってましたw",山口裕馬_HY,2026/08/22 18:36:40,TRUE,FALSE,,
永澤正樹,尾関鎮,白方 誠人,"CORONAエコキュート薄型460
長州4.0kwパワコン","¥1,320,000",東海,工事日9/12,（株）ベスティブロ　白方 誠人,2026/08/22 19:10:48,TRUE,FALSE,,
坂田洋子,栗山裕仁,栗山裕仁,"ニチコン14.9kwトライブリッド
入替","2,750,000",九州,"借換カーポート欲しくさせてからの
経済効果算出して蓄電池入替🔥",栗山裕仁_JINNOVA,2026/08/22 19:22:28,TRUE,FALSE,,
平松克洋,若山峻護,井上務,"長州蓄電池全負荷ハイブリッド12.7kwh
単体パワコン
コロナエコキュート460L","3,267,000",東海,施工店:ワールド電化,井上務_Ambitious株式会社,2026/08/22 19:56:53,TRUE,FALSE,,
吉原雄三,佐藤響,星崎政和,"SHARP蓄電池7.7
全負荷
メーカー15年保証",2420000,東海,"テクノホーム
補助金　豊田市",星崎政和_Ambitious株式会社,2026/08/23 11:03:54,TRUE,FALSE,,
小瀬康輔,曽我部千稜,栗山裕仁,DMMユニット5kw増設,"1,300,000",九州,"借換　増設　終売
全ての単語が刺さりました🔥
今月もNICEタッグです🫱🏿‍🫲🏻

2ヶ月連続この数字は素晴らしい👍🏿
アポありがとうございました！",栗山裕仁_JINNOVA,2026/08/23 11:24:56,TRUE,FALSE,,
松井勝孝,佐藤響,小林祐真,"長州蓄電池12.7kwh特定負荷ハイブリッド
メーカー20年保証
コロナエコキュート370","¥2,860,000税込",東海,"手強くて時間かかってしまいました、、
ナイスアポです！",小林祐真_Ambitious株式会社,2026/08/23 11:46:49,TRUE,TRUE,,
平賀　賢太郎様,河野大輝,岩本　顕,"DMM14kwh
保証：20年(自社延長10年)
別途DMMパワコン1台単体
コロナおひさエコキュート460L
三菱浴室乾燥機","3,300,000円",九州,相見積もり案件です,河野大輝　アフターホーム,2026/08/23 12:00:38,TRUE,FALSE,,
西川健二,原未希斗,橋口航大,"DMM蓄電池7kwh全負荷
メーカー保証20年","1,870,000",九州,"原！初成約おめでとう㊗️🎊🍾

初稼働の初アポ1ヶ月先のアポが
まさかの商談生き残るという、、、

これは奇跡でも何でもなくて
何度もお客様の家に足を運んだ
原の勝ちだね🏆

誰よりも遅くまでロープレもするし
誰も多く回ってるのは知ってるので
引き続き努力を忘れないように。

チカラ💪",橋口航大_スマートハウス推進統括本部,2026/08/23 12:13:35,TRUE,FALSE,,
有馬 由里,三宅 祐太,髙林 大夢,SHARP蓄電池7.7kw、HEMS,"2,970,000",東北,,高林 大夢_LeadMore,2026/08/23 12:28:54,TRUE,FALSE,,
波瀬崎涼,末吉剛大,御船正己,"長州産業蓄電池13.0キロ
ハイブリッド特定負荷
メーカー20年保証
コロナエコキュート370L",4455000,東海,施工店ワールド電化,御船正己_Ambitious株式会社,2026/08/23 14:13:04,TRUE,FALSE,,
井上達矢,中川魁人,久保海飛,"DMM14.3
自社5年延長保証
コロナエコ460
三菱IH","3,190,000",関東,"奥様確認祈ろう！
ナイスアポ！",久保海飛_Ambitious株式会社,2026/08/23 14:19:25,TRUE,FALSE,,
山田隆義,須藤隆成,白方 誠人,"SHARP9.5全負荷
自社含む20年保証
HEMS","¥2,310,000",東海,"現場調査9/12
工事日9/21",（株）ベスティブロ　白方 誠人,2026/08/23 15:05:13,TRUE,FALSE,,
山根芳幸,門脇駆,一木亮太,"ニチコン蓄電池19.9kw
aikoソーラー8.1kw
HEMS","4,550,000円",関東,,一木亮太　HY,2026/08/23 15:06:44,TRUE,FALSE,,
永山秀也,角谷成映,栗山裕仁,"DMM15kw全負荷HYB
メーカー20年保証
入替","2,970,000",九州,"NICEアポ🔥
借換　入替　保険
全て刺さった🍴興味付けばっちり👌🏾

2日で4契約🔥🔥🔥🔥
今晩から名古屋帰ります🛩️",栗山裕仁_JINNOVA,2026/08/23 15:11:53,TRUE,FALSE,,
荒堀雅則,横山豪,横山豪,dmm蓄電池14kwh.コロナEQ370l,"2,750,000",東海,,横山豪_スマートハウス推進統括本部,2026/08/23 15:31:01,TRUE,FALSE,,
道木康行,吉田悠太,川上留以,"シャープ蓄電池15.4全負荷ハイブリッド　
コロナエコキュート薄型","3,630,000円",東海,流石のアポでした！ありがとうございます！,川上 留以_スマートハウス推進統括本部,2026/08/23 16:45:06,TRUE,FALSE,,
宮脇聡志,三好雄太,星崎政和,"長州蓄電池6.5
全負荷
メーカー保証20",2475000,東海,"テクノホーム
補助金なし",星崎政和_Ambitious株式会社,2026/08/23 17:18:12,TRUE,FALSE,,
石神貴之　イシガミタカユキ,安藤大晃,安藤大晃,"長州蓄電池12.7 特定
20年自社延長保証
コロナエコキュート460L",3960000,東海,,安藤大晃　D-MAK,2026/08/23 17:33:19,TRUE,FALSE,,
山本 真希,佐々木 蓮,楢岡大樹,"ニチコン19.9
コロナエコキュート460L","3,840,000",関東,"れんありがとう👍
HYの大型ルーキー、クローザー行こう🔥",楢岡大樹_HY,2026/08/23 18:44:41,TRUE,FALSE,,
佐藤康夫,富田健斗,徳永優太,長州6.5 特定負荷　15年保証,"2,090,000",四国,,徳永優太_forme works,2026/08/23 19:34:59,TRUE,FALSE,,
渡辺翔,若井勇人,若井勇人,"SHARPパネル4kw
SHARP蓄電池9.5kw","3,150,000",北海道,北海道1発目⛄️,若井勇人_STORIA,2026/08/24 12:51:12,TRUE,FALSE,,
藤石　憲治様,河野大輝,浅井詩音,"長州蓄電池 9.8kwh
保証：20年(自社延長5年)
コロナエコキュート370L
","3,300,000円",九州,,河野大輝　アフターホーム,2026/08/24 20:53:31,TRUE,FALSE,,
田澤哲史,中川魁人,久保海飛,"シャープ15.4全負荷
自社5年延長保証
HEMS
コロナエコ460
三菱IH","3,300,000",関東,"夫婦両面のナイスアポ！
昨日のロープレが生きたね！
さすがフルオプニキ！",久保海飛_Ambitious株式会社,2026/08/25 18:20:59,TRUE,FALSE,,
加納将人,鈴木琉斗,伊藤蓮,長州9.8特定負荷,2310000,東海,,伊藤蓮_スマートハウス推進統括本部,2026/08/25 19:06:18,TRUE,FALSE,,
森下幸雄,春日柚樹也,星崎政和,"長州産業蓄電池13
全負荷
メーカー保証20",2640000,東海,"テクノホーム
補助金東浦町",星崎政和_Ambitious株式会社,2026/08/26 9:52:47,TRUE,FALSE,,
三並愛司,山口裕馬,山口裕馬,"ニチコン19.9
キューブJ",3135000,関東,再エネNo.1🔥,山口裕馬_HY,2026/08/26 12:12:11,TRUE,FALSE,,
原直輝,森山貴成,若井勇人,"SHARPパネル5kw
SHARP蓄電池9.5kw","3,150,000",北海道,"TRIXIAでの北海道1発目🔥
北海道盛り上げちゃってください⛄️",若井勇人_STORIA,2026/08/26 12:23:43,TRUE,FALSE,,
尾形わかは,篠優,伊藤圭佑,"DMM蓄電池14kwh
自社10年保証
CUBE J","2,750,000",関東,"聞く体勢ばっちりのテーブル商談ありがとう🙇
来月こそクローザーだ🔥🔥",伊藤圭佑_HY,2026/08/26 13:46:20,TRUE,FALSE,,
戸邊達輝,髙橋雄多,若井勇人,"カナディアンパネル6kw
EP CUBE9.9kw","3,500,000",関東,,若井勇人_STORIA,2026/08/26 13:46:34,TRUE,FALSE,,
村瀬良裕　ムラセヨシヒロ,長谷川景英,安藤大晃,"長州蓄電池16.4全負荷
20年自社延長保証
コロナエコキュート460",2830000,東海,,安藤大晃　D-MAK,2026/08/26 14:01:41,TRUE,FALSE,,
宮城鎭子,門脇駆,井本優良,"ニチコン19.9 全負荷　
ニチコンV2H","4,180,000円",関東,,井本優良　HY株式会社,2026/08/26 14:17:34,TRUE,FALSE,,
枝村　正人様,森井桃花,浅井詩音,"DMM蓄電池 14kwh 
全負荷ハイブリッド
自社20年保証
コロナエコキュート370L
","3,300,000円",九州,,河野大輝　アフターホーム,2026/08/26 16:30:16,TRUE,FALSE,,
三浦友克,長井登和,小林祐真,"長州蓄電池13kwh特定負荷ハイブリッド
メーカー20年保証
コロナエコキュート370","¥2,970,000税込",東海,with板倉さん,小林祐真_Ambitious株式会社,2026/08/27 12:29:46,TRUE,FALSE,,
天野和俊,佐々木蓮,一木亮太,"DMMパネル3.5kw
DMM蓄電池14kw
HEMS","3,193,000",関東,,一木亮太　HY,2026/08/27 12:35:28,TRUE,FALSE,,
大日方博,佐々木蓮,一木亮太,"DMM蓄電池14kw
HEMS","2,280,000",関東,,一木亮太　HY,2026/08/27 16:33:00,TRUE,FALSE,,
片岡正喜,鈴木崇,伊藤圭佑,"DMM蓄電池14kwh
自社10年保証
CUBE J","2,750,000",関東,"テーブル商談ありがとう！
ローン通る事を一緒に願おう🙏",伊藤圭佑_HY,2026/08/27 16:41:17,TRUE,FALSE,,
服部雅人,尾関鎮,白方 誠人,"ニチコン19,9kw
ダイキンエコキュート460","¥3,575,000",東海,,（株）ベスティブロ　白方 誠人,2026/08/27 20:52:44,TRUE,FALSE,,
関本蓉子,佐々木蓮,一木亮太,"AIKOソーラー16.2kw
ニチコン蓄電池19.9kw
HEMS","4,980,000",関東,,一木亮太　HY,2026/08/27 21:10:13,TRUE,FALSE,,
岩本鎮子,高橋崇大,横田哲士,SHARP15.4kwh ヘムス,3410000,関東,,横田哲士_LIVIONpartners,2026/08/28 10:57:25,TRUE,FALSE,,
武内友恵,富田健斗,徳永優太,"ニチコン19.9
自社20年保証","2,970,000",四国,,徳永優太_forme works,2026/08/28 11:33:07,TRUE,FALSE,,
岡田浩,上田洋平,井上務,長州産業蓄電池ハイブリッド全負荷13kwh,"2,750,000",東海,"施工店:ワールド電化　
契約者様LINEご利用ありません。",井上務_Ambitious株式会社,2026/08/28 12:24:46,TRUE,FALSE,,
飯島幹雄,山口裕馬,山口裕馬,"ニチコン19.9
キューブJ
三菱エコキュート370l薄型",3905000,関東,再エネNo.1🔥,山口裕馬_HY,2026/08/28 13:00:40,TRUE,FALSE,,
矢田世葉根,篠優,伊藤圭佑,"長州産業12.7kwh 全負荷
自社5年保証
CUBE J","2,431,000",関東,両面テーブルの聞く体勢バッチリなアポありがとう！🙏,伊藤圭佑_HY,2026/08/28 15:28:22,TRUE,FALSE,,
井谷祐介,武田功平,若井勇人,"長州産業パネル
スマートpvマルチ13kw
15年保証","4,200,000",北海道,"武田社長おめでとうございます㊗️
北海道よろしく頼みます🙏",若井勇人_STORIA,2026/08/28 20:42:16,TRUE,FALSE,,
阿部和輝,中川魁人,久保海飛,"DMM14.3
CUBEJ
自社10年延長保証","2,585,000",関東,"夫婦両面のナイスアポ！！
奥様綺麗で金額下げてって可愛く頼まれて下げちゃいました💦",久保海飛_Ambitious株式会社,2026/08/29 11:10:14,TRUE,FALSE,,
田原康行,吉田龍吾,川上留以,長州蓄電池9.8kwh特定負荷ハイブリッド,"2,200,000円",東海,"ナイスアポ！！
まだまだ今月行くぞ！",川上 留以_スマートハウス推進統括本部,2026/08/29 11:11:15,TRUE,FALSE,,
岩瀬嘉貴,末吉剛大,星崎政和,"長州蓄電池13
全負荷
保証メーカー20年",2530000,東海,"テクノホーム
補助金申請ナシ",星崎政和_Ambitious株式会社,2026/08/29 11:13:02,TRUE,FALSE,,
堀田勇,尾関鎮,白方 誠人,"長州産業16.4kw全負荷
メーカー20年保証","3,630,000",東海,"現場調査　9/16
工事日　現調時",（株）ベスティブロ　白方 誠人,2026/08/29 11:15:50,TRUE,FALSE,,
岡田幸之助,福島幸也,横田哲士,"SHARP太陽光3.84kW
SHARP蓄電池15.4kwh
ヘムス",3410000,関東,,横田哲士_LIVIONpartners,2026/08/29 12:18:57,TRUE,FALSE,,
新原いづみ,栗山裕仁,栗山裕仁,DMM10kw全負荷HYBメーカー20年保証,"2,100,000",九州,"クロージングだけをするのが
クローザーではないです🫱🏿‍🫲🏻
九州鹿児島は
全員でアポに回り契約数を積み重ねましょう🔥",栗山裕仁_JINNOVA,2026/08/29 12:29:12,TRUE,FALSE,,
徳永大毅,春日柚樹也,星崎政和,"長州蓄電池13
全負荷
メーカー保証20年",2585000,東海,"テクノホーム
補助金東浦町",星崎政和_Ambitious株式会社,2026/08/29 14:03:34,TRUE,FALSE,,
島圭吾,木村瞭太,川上留以,長州産業12.7kwh特定負荷ハイブリッド,"2,090,000円",東海,,川上 留以_スマートハウス推進統括本部,2026/08/29 14:07:18,TRUE,FALSE,,
村井将英,伴瑛志郎,井上務,長州蓄電池全負荷ハイブリッド13kwh,2491500,東海,施工店:ワールド電化,井上務_Ambitious株式会社,2026/08/29 14:09:39,TRUE,FALSE,,
野間竜也,小野龍一,栗山裕仁,DMM15kw全負荷HYBメーカー20年保証,"2,750,000",九州,"先日はNICE司会進行でした🫰🏿
やっぱり鹿児島から盛り上げないと🔥

NICE最短アポでした！！人売りアポでした",栗山裕仁_JINNOVA,2026/08/29 15:06:55,TRUE,FALSE,,
上野正祥,大原颯太,大原颯太,"ニチコン19.9kwh
CUBE J","2,750,000",関東,,大原颯太,2026/08/29 15:08:59,TRUE,FALSE,,
久保雅史,一ノ瀬文哉,久保海飛,"ニチコン19.9
自社5年延長保証
CUBEJ","2,860,000",関東,"夫婦両面のナイスアポです！
もっと優しいの下さい😭",久保海飛_Ambitious株式会社,2026/08/29 15:14:44,TRUE,FALSE,,
小松麻美,河本一樹,徳永優太,調布リブタワープラス　7.4増設ユニット,"2,310,000",四国,,徳永優太_forme works,2026/08/29 16:12:01,TRUE,FALSE,,
河津　一也様,河野大輝,岩本　顕,"DMM蓄電池 10kwh 
全負荷ハイブリッド
自社20年保証","2,376,000円",九州,,河野大輝　アフターホーム,2026/08/29 16:19:55,TRUE,FALSE,,
打田 大介,岡元莉輝,小林祐真,"長州蓄電池12.7kwh特定負荷ハイブリッド
メーカー20年保証
コロナエコキュート460
Panasonic IH 60cm","¥2,860,000税込",東海,IHつけてなんとかTEL結回収です！,小林祐真_Ambitious株式会社,2026/08/29 16:30:23,TRUE,FALSE,,
中山　清史様,河野大輝,浅井詩音,"DMM蓄電池 14kwh 
全負荷ハイブリッド
自社20年保証
コロナエコキュート370L
","2,970,000円",九州,,河野大輝　アフターホーム,2026/08/29 16:43:13,TRUE,FALSE,,
原真吉,春日柚樹也,星崎政和,"SHARP蓄電池15.4
全負荷
メーカー保証15
HEMS",2695000,東海,"テクノホーム
補助金東浦町",星崎政和_Ambitious株式会社,2026/08/29 17:28:41,TRUE,FALSE,,
岸啓太,石橋優翔,伊藤圭佑,コロナエコキュート460L,"495,000",関東,載せ忘れです。,伊藤圭佑_HY,2026/08/29 17:51:44,TRUE,FALSE,,
小川卓司,原口慎太郎,井本優良,ニチコン19.9 全負荷,"3,080,000",関東,ナイスです！！,井本優良　HY株式会社,2026/08/29 18:17:41,TRUE,FALSE,,
梅村政志,岡元,星崎政和,"長州蓄電池13
全負荷
メーカー保証20年",2530000,東海,"テクノホーム
補助金豊田市",星崎政和_Ambitious株式会社,2026/08/29 19:42:29,TRUE,FALSE,,
藤谷高広,落水田匡平,栗山裕仁,外壁塗装　高耐久無機塗料,"2,380,000",九州,"初アポ初商談初契約👏🏾👏🏾👏🏾
研修期間中に素晴らしい！！

JINNOVA鹿児島の新星これからも
大いに暴れて下さい🌋
おめでとう！なり、教育ありがとう！

本日3商談3契約ハットトリック
決めさせてくれて感謝です🫂",栗山裕仁_JINNOVA,2026/08/29 19:54:49,TRUE,FALSE,,
髙橋悠生,池田康彦,久保海飛,"DMM14.3
自社10年延長保証
CUBEJ","2,750,000",関東,夫婦両面のナイスアポです！,久保海飛_Ambitious株式会社,2026/08/30 10:41:28,TRUE,FALSE,,
安間伸也,尾関鎮,白方 誠人,"DMM15,0kw 全負荷
自社含む20年保証
コロナエコキュート370L
","¥3,630,000",東海,"現場調査9/22
工事日10/11",（株）ベスティブロ　白方 誠人,2026/08/30 11:10:13,TRUE,FALSE,,
古川直樹,ハマダユウタ,野中大生,長州12.7,2860000,関東,,野中大生,2026/08/30 11:19:01,TRUE,FALSE,,
古川 琢磨,岡元莉輝,小林祐真,"SHARP蓄電池7.7kwh全負荷
メーカー15年保証
自社5年保証","¥2,310,000税込",東海,"電子契約作成途中に2回ショートして時間かかりました🥵
パネル1年目ナイス！！",小林祐真_Ambitious株式会社,2026/08/30 12:16:20,TRUE,FALSE,,
平田祐也,尾関鎮,川上留以,"長州蓄電池12.7全負荷ハイブリッド
エアコン","2,750,000円",東海,,川上 留以_スマートハウス推進統括本部,2026/08/30 12:29:14,TRUE,FALSE,,
髙橋 裕樹,三宅 祐太,髙林 大夢,DMM蓄電池7kw、コロナエコキュート460L,"2,900,000",東北,,高林 大夢_LeadMore,2026/08/30 13:12:35,TRUE,FALSE,,
井上　智様,河野大輝,浅井詩音,"DMM蓄電池 10kwh 
全負荷ハイブリッド
自社20年保証
コロナエコキュート370L
東芝冷蔵庫","2,970,000円",九州,,河野大輝　アフターホーム,2026/08/30 13:20:59,TRUE,FALSE,,
市川将司,中川魁人,久保海飛,"ニチコン19.9
自社5年延長保証
CUBEJ","2,860,000",関東,"夫婦両面のナイスアポ！
ナイス10件目‼️",久保海飛_Ambitious株式会社,2026/08/30 13:47:01,TRUE,FALSE,,
大原健希,伊藤樹優,井上務,長州蓄電池全負荷ハイブリッド13kwh,2640000,東海,施工店:ワールド電化,井上務_Ambitious株式会社,2026/08/30 14:05:29,TRUE,FALSE,,
高山宏之,大原颯太,野中大生,長州12.7,2500000,関東,,野中大生,2026/08/30 14:28:51,TRUE,FALSE,,
田中芳弘,山下翔平,星崎政和,"長州蓄電池13
全負荷
メーカー保証20年
コロナエコキュート370",2805000,東海,"テクノホーム
補助金、豊田市、エコキュート",星崎政和_Ambitious株式会社,2026/08/30 14:59:20,TRUE,FALSE,,
松山 賢,楢岡大樹,楢岡大樹,"aikoソーラー
dmmソーラー
dmm14.3
パワコン追加1台
電気代一本化工事","4,290,000",関東,"自アポ勝負 vs山口 裕馬👊🔥

今月の契約件数のコミット達成旅行in山梨、HY一同楽しみにしております😌",楢岡大樹_HY,2026/08/30 16:24:42,TRUE,FALSE,,
田中貴則,一ノ瀬文哉,久保海飛,"長州13kwh特定負荷
CUBEJ
三菱IH","2,585,000",関東,"夫婦両面のナイスアポ！
即決渋られたのでIHで奥様攻略！！
いつもありがとうございます😘",久保海飛_Ambitious株式会社,2026/08/30 17:04:48,TRUE,FALSE,,
及川早苗,武本遼,胡木真吾,DMM蓄電池14kw,2800000,東北,,胡木真吾,2026/08/30 17:15:18,TRUE,FALSE,,
坂田賢宏,ハマダユウタ,野中大生,ニチコン19.9,2970000,関東,,野中大生,2026/08/30 17:35:36,TRUE,FALSE,,
荒　慎太郎様,三宅祐太,熊谷康佑,"DMM蓄電池14kwh
全負荷
自社10年延長保証
コロナエコキュート高圧370l",3300000,東北,,熊谷康佑_LeadMore,2026/08/30 17:43:58,TRUE,FALSE,,
照井勇太(テルイユウタ),武田功平(TRIXIA),阿部隆之介(STORIA),カナディアン太陽光4.42kw EP CUBE 6.6kwh,"¥3,200,000",北海道,ありがとうございました🔥,阿部隆之介_STORIA,2026/08/30 18:13:43,TRUE,FALSE,,
小田晋也,石井勝己,星崎政和,"SHARP蓄電池15.4kwh
全負荷
メーカー保証15年
HEMS",2860000,東海,"テクノホーム
補助金、東浦町",星崎政和_Ambitious株式会社,2026/08/30 19:23:35,TRUE,FALSE,,
金城 博之,嘉数 龍磨,伊木 裕二,"DMEGCパネル 7.05kw
カナディアン蓄電池 9.9kWh",4268000,沖縄,,伊木裕二_Corest home,2026/08/30 20:53:07,TRUE,FALSE,,
村井夕子,山口裕馬,山口裕馬,"長州12.7
全負荷
メーカー15年＋自社5年延長保証付き
キューブJ
三菱エコキュート370薄型",3080000,関東,最後にインスタ見てますって言われました🔥💦,山口裕馬_HY,2026/08/31 19:41:18,TRUE,FALSE,,
黒川健二様,山下翔平,御船正己,"長州産業蓄電池13キロ
ハイブリッド特定負荷
メーカー20年保証
三菱エコキュート薄型370L","3,839,000",東海,施工店ワールド電化,御船正己_Ambitious株式会社,2026/08/31 20:59:24,TRUE,FALSE,,
浅見芳則,濵田裕大,久保海飛,"DMM14.3
自社10年延長保証
CUBE J","2,860,000",関東,"奥様確認だけ祈りましょう！
多分大丈夫なはずです！
今月もやりましょー！",久保海飛_Ambitious株式会社,2026/09/01 10:58:27,TRUE,FALSE,,
森川芳久様,樋田蒼生,御船正己,"長州産業蓄電池13キロ
ハイブリッド特定負荷
メーカー20年保証
日立IH
シャープサーキュレーター
東芝電子レンジ",3960000,東海,施工店ワールド電化,御船正己_Ambitious株式会社,2026/09/01 12:02:12,TRUE,FALSE,,
福田慶輔,曽我部千稜,栗山裕仁,長州蓄電池6.5kw単機能増設,"1,980,000",九州,"鹿児島開幕🔥🔥
スーパールーキー曽我部アポ
本日2商談1成約。もう1成約は明後日契約！！

最高のスタートです🫰🏿
やりますよ、今月過去最高10成約！！！
10商談10成約狙います🌋",栗山裕仁_JINNOVA,2026/09/01 18:40:05,TRUE,FALSE,,
下間悠司,伊井太陽,久保海飛,"DMM14.3
自社10年延長保証
コロナエコ460
三菱IH
CUBEJ","3,080,000",関東,"夫婦両面のナイスアポです！
細かい方で粗利薄めです💦",久保海飛_Ambitious株式会社,2026/09/02 12:44:25,TRUE,FALSE,,
竹内宏子,一ノ瀬文哉,久保海飛,"aikoソーラー
屋根改修ガルバリウム","2,453,000",関東,"蓄電池から追加オーダーです！
今日はコロッケでした笑",久保海飛_Ambitious株式会社,2026/09/02 15:04:38,TRUE,FALSE,,
林草太様,平山沙羅,阿部隆之介,カナディアン(2.9kw) EP CUBE 9.9kwh,"¥3,170,000",関東,9月もよろしくお願いします🙋‍♂️,阿部隆之介_STORIA,2026/09/02 16:16:10,TRUE,FALSE,,
須藤祐次,春日柚樹也,星崎政和,"長州産業蓄電池13
全負荷
メーカー保証20
コロナエコキュート460",2975000,東海,"テクノホーム
補助金　大府市　エコキュート",星崎政和_Ambitious株式会社,2026/09/02 22:11:03,TRUE,FALSE,,
竹内克也,長井登和,井上務,パワーデポRハイブリッド7.7kwh,"2,508,000",東海,施工店:ワールド電化,井上務_Ambitious株式会社,2026/09/03 12:04:18,TRUE,FALSE,,
上別府靖,石川平馬,横田哲士,長州地蓄電池12.7kwh 単機能　ヘムス,2420000,関東,,横田哲士_LIVIONpartners,2026/09/03 13:58:09,TRUE,FALSE,,
中栄重雄,百瀬遥輝,横山豪,DMM蓄電池7.1kwh,"1,540,000",東海,粗利低くなって申し訳ありません。,横山豪_スマートハウス推進統括本部,2026/09/03 15:50:26,TRUE,FALSE,,
志鶴丈佳光,春日柚樹也,井上務,パワーデポR全負荷7.7kwh,"2,310,000円",東海,"施工店:ワールド電化
東浦町補助金",井上務_Ambitious株式会社,2026/09/03 20:08:42,TRUE,FALSE,,
船木次郎,原口慎太郎,伊藤圭佑,"DMMパネル
DMM蓄電池14kwh
自社10年保証
コロナエコキュート460L","3,501,300",関東,粗利薄くてごめんなさい🙏,伊藤圭佑_HY,2026/09/04 12:27:21,TRUE,FALSE,,
杉本真一,佐野允秋,伊藤圭佑,"DMM蓄電池14kwh
自社10年保証
コロナエコキュート370L
CUBEJ","2,970,000",関東,ナイスアポです！テーブル商談ありがとうございました🙇,伊藤圭佑_HY,2026/09/04 12:42:46,TRUE,TRUE,,
伊藤和明,百瀬遥輝,川上留以,"長州蓄電池12.7kwh全負荷ハイブリッド
六畳エアコン2台","2,310,000円",東海,,川上 留以_スマートハウス推進統括本部,2026/09/04 13:33:14,TRUE,FALSE,,
廣岡　みさ子,須藤隆成,白方 誠人,"長州産業スマート16.4kw 全負荷
メーカー20年保証","3,300,000",東海,"現場調査　9/11
工事日　9/25",（株）ベスティブロ　白方 誠人,2026/09/04 14:50:21,TRUE,FALSE,,
鈴木勉,井本優良,井本優良,長州12.7特定負荷　自社5年,"2,453,000",関東,,井本優良　HY株式会社,2026/09/04 19:04:59,TRUE,FALSE,,
吉田毅,篠優,一木亮太,"DMM蓄電池14kw
自社10年延長","2,753,000円",関東,,一木亮太　HY,2026/09/05 10:34:37,TRUE,FALSE,,
萩原亮輔,一ノ瀬文哉,久保海飛,"シャープ15.4
HEMS
自社5年延長保証","2,530,000",関東,1時間しか時間ないと言われ高速で巻いてきました！奥様途中退席されたのでクーリングオフだけ心配です😭,久保海飛_Ambitious株式会社,2026/09/05 10:54:38,TRUE,FALSE,,
小川歩夢様,石井勝己,御船正己,"シャープ15.4キロ蓄電池
ハイブリッド全負荷
メーカー15年保証
自社延長保証5年
シャープHEMS",3960000,東海,施工店ワールド電化,御船正己_Ambitious株式会社,2026/09/05 11:05:11,TRUE,FALSE,,
鈴木康仁,若山峻護,井上務,パワーデポR ハイブリッド7.7kwh,"2,280,000円",東海,"施工店ワールド電化
豊田市補助金",井上務_Ambitious株式会社,2026/09/05 11:54:50,TRUE,FALSE,,
大西翔大,岸上恵大　TRIXIA,武田功平　TRIXIA,"DMMモジュール6kw
ハイブリッド蓄電池10kw","3,300,000",北海道,,若井勇人_STORIA,2026/09/05 12:31:52,TRUE,FALSE,,
又木伸一,橋口航大,栗山裕仁,"DMM14kw全負荷HYB
メーカー20年保証　入替","2,750,000",九州,"商談同行3時間。痺れましたね🫂
今年一難しいアポでしたが
二人で乗り切れた事に感無量です🫱🏿‍🫲🏻

雰囲気作り、人売り、金融、保険
120点のトーク運びができました🙏🏾

今月もやりましょう鹿児島🌋
アポありがとうございました！！NICEコンビ",栗山裕仁_JINNOVA,2026/09/05 12:53:39,TRUE,FALSE,,
柿崎伸美,伊藤蓮,伊藤蓮,"長州9.8特定
ダイキンエコキュート",2640000,東海,訪販即決,伊藤蓮_スマートハウス推進統括本部,2026/09/05 13:19:39,TRUE,TRUE,,
氏原直史,我妻拓馬,中島将暢,"DMM 蓄電池10kwh新設
コロナエコキュート新設",2800000,東海,"@我妻拓馬
長期戦だったけど、きっちり刈り取ったぞ！
この調子で目標行くぞ‼️",中島将暢　JINNOVA,2026/09/05 13:56:29,TRUE,FALSE,,
伊藤光江,須藤隆成,白方 誠人,"長州産業スマートPVマルチ6.3kw
全負荷　メーカー20年保証
ダイキンエコキュート370L","¥2,530,000",東海,"現場調査　10/4
工事日　10/24",（株）ベスティブロ　白方 誠人,2026/09/05 15:15:35,TRUE,FALSE,,
恒石　郁夫,富田健斗,徳永優太,ニチコン19.9 自社２０年保証,"2,904,000",四国,,徳永優太_forme works,2026/09/05 15:51:11,TRUE,FALSE,,
堀内浩一朗,山口裕馬,山口裕馬,"ニチコン19.9新設
キューブJ",2970000,関東,今月もスタート🔥,山口裕馬_HY,2026/09/05 15:54:51,TRUE,FALSE,,
久世卓也,若井勇人,若井勇人,"カナディアンパネル
EPキューブ9.9kw","3,500,000",北海道,,若井勇人_STORIA,2026/09/05 16:42:11,TRUE,FALSE,,
中村利樹,石川平馬,横田哲士,ニチコン19.9 ヘムス,2860000,関東,,横田哲士_LIVIONpartners,2026/09/05 16:50:31,TRUE,FALSE,,
家高晋吾,池田康彦,久保海飛,"シャープ15.4全負荷
自社5年延長保証
HEMS","2,585,000",関東,"夫婦両面のナイスアポです！
粗利薄くて申し訳ないです🙇‍♀️",久保海飛_Ambitious株式会社,2026/09/05 16:54:48,TRUE,FALSE,,
杉浦栄子様,伊藤樹優,御船正己,"長州産業蓄電池13.0キロ
ハイブリッド特定負荷
メーカー20年保証
日立IH",4455000,東海,施工店ワールド電化,御船正己_Ambitious株式会社,2026/09/05 17:01:55,TRUE,FALSE,,
塩原正典,込山大貴,一木亮太,"DMM蓄電池14kw
自社10年延長","2,703,000",関東,,一木亮太　HY,2026/09/05 18:33:04,TRUE,FALSE,,
森田正和,濵田裕大,久保海飛,"長州産業13kwh
特定負荷ハイブリッド
メーカー20年保証
CUBE J","2,640,000",関東,夫婦両面のナイスアポです！！,久保海飛_Ambitious株式会社,2026/09/06 10:51:09,TRUE,FALSE,,
永井久貴,伊井太陽,野中大生,ニチコン19.9 AIKO8kw,4510000,関東,,野中大生,2026/09/06 11:27:44,TRUE,FALSE,,
小島友幸様,後藤晃祐,熊谷康佑,"SHARP7.7kw全負荷
コロナエコキュート460L",2970000,東北,,熊谷康佑_LeadMore,2026/09/06 12:48:55,TRUE,FALSE,,
東俊弥,原未希斗,栗山裕仁,DMM15kw全負荷HYBメーカー20年保証,"2,860,000",九州,"玄関商談でスタートし、
仲良くなってからから思い切って
リビング行きましょ😚からズバッと🔥

とても良いご夫婦でした🫱🏿‍🫲🏻
原っち頑張ってるからなんとか
決める事ができて、僕も嬉しいです。。

引き続き、鹿児島営業刑務所で
日々精進してください🫡
アポありがとうございました！",栗山裕仁_JINNOVA,2026/09/06 12:49:53,TRUE,FALSE,,
佐々木裕一,由地光輝,若井勇人,"長州産業ほっとパネル7kw
長州産業蓄電池9.7kw
ダイキンEQ 寒冷地用460L","4,600,000",北海道,ナイスアポ👍,若井勇人_STORIA,2026/09/06 12:51:07,TRUE,FALSE,,
森中明彦様,wiz髙橋雄多,横山豪,長州産業蓄電池全負荷ハイブリッド6.5kwh、三菱エコキュート薄型370l,"2,035,000",東海,鈴与の関係者で蓄電池、エコキュートのある程度の原価を把握されており、粗利が薄くなってます。,横山豪_スマートハウス推進統括本部,2026/09/06 12:52:56,TRUE,FALSE,,
板場雅裕,一ノ瀬文哉,野中大生,長州12.7 全負荷,2530000,関東,,野中大生,2026/09/06 14:51:27,TRUE,FALSE,,
平田清美,安藤壮吾,大城太希,SHARP蓄電池15.4kwh,"3,190,000",東海,,大城太希_LeadMore,2026/09/06 14:55:54,TRUE,FALSE,,
山口卓也様,伴瑛志郎,御船正己,"長州産業蓄電池13.0キロ
ハイブリッド特定負荷
メーカー20年保証
コロナエコキュート370L",4455000,東海,施工店ワールド電化,御船正己_Ambitious株式会社,2026/09/06 16:27:16,TRUE,FALSE,,
合田 健二　アイタ ケンジ,胡木 真吾,髙林 大夢,DMM蓄電池7kw、電気翌日乾燥暖房機,"2,750,000",東北,,高林 大夢_LeadMore,2026/09/06 16:49:48,TRUE,FALSE,,
小澤広和様,平山沙羅,阿部隆之介,カナディアン太陽光4.2kw EP CUBE 9.9kwh ,"¥3,320,000",関東,秒でした^_^2契約目ナイス🙌,阿部隆之介_STORIA,2026/09/06 16:51:13,TRUE,FALSE,,
寺地優騎,一ノ瀬文哉,久保海飛,"DMM14.3kwh
自社10年延長保証
CUBEJ","2,750,000",関東,"夫婦両面のナイスアポです！
今月もやりましょう！",久保海飛_Ambitious株式会社,2026/09/06 16:54:01,TRUE,FALSE,,
千田豊,上田洋平,井上務,長州産業全負荷ハイブリッド13kwh,"2,218,000",東海,"施工店ワールド電化

DR補助金申請キャンセルでの獲得の為、粗利少ないです。",井上務_Ambitious株式会社,2026/09/06 17:08:20,TRUE,FALSE,,
池田洋子,中川魁人,山口裕馬,"DMM14
キューブJ
メーカー10年＋自社10年延長保証",2860000,関東,玄関先で商談でしたが、聞く体制ばっちりでナイスアポです🔥アポイントありがとう！,山口裕馬_HY,2026/09/06 17:44:02,TRUE,FALSE,,
服部圭一,百瀬遥輝,川上留以,"長州産業蓄電池12.7kwh全負荷ハイブリッド
ダイキンエコキュート","2,805,000円",東海,,川上 留以_スマートハウス推進統括本部,2026/09/06 18:23:40,TRUE,FALSE,,
竹田 邦弘,大原颯太,野中大生,"DMM14.3
",2200000,関東,"リース3年
残存金額一括買取+返還金あり
蓄電池入替",野中大生,2026/09/07 14:18:52,TRUE,FALSE,,
井之口浜木,伊井大陽,野中大生,AIKO11.2kw ニチコン14.9,4870000,関東,,野中大生,2026/09/07 17:01:44,TRUE,FALSE,,
安村英俊,長谷川拓耶,栗山裕仁,ニチコン14.9kw,"2,790,000",九州,"今月は俺と衣食住を共にし
人間力強化月間、そして、
私生活を正し営業力にも磨きをかけよう🔥",栗山裕仁_JINNOVA,2026/09/08 11:30:13,TRUE,FALSE,,
西巻一郎,篠優,山口裕馬,"ニチコン19.9
キューブ",3300000,関東,"ナイス両面アポ👍😊
",山口裕馬_HY,2026/09/08 14:57:08,TRUE,FALSE,,
村井栄治,山口裕馬,山口裕馬,"長州12.7
全負荷
キューブJ
メーカー15年＋自社5年延長保証付き

三菱エコキュート薄型",3080000,関東,契約者変更のため再送。,山口裕馬_HY,2026/09/09 10:13:12,TRUE,TRUE,,
春本修一,林起基,林起基,"長州9.8全負荷
20年保証
コロナエコキュート460",3168000,関東,,林起基_G.WORTH,2026/09/09 12:10:44,TRUE,FALSE,,
小柳津　八一,須藤隆成,白方 誠人,"Panasonicパワコン　7台
産業用パワコン　1台","4,510,000",東海,ナイスアポ👍,（株）ベスティブロ　白方 誠人,2026/09/09 14:21:41,TRUE,FALSE,,
西依周太朗,栗山裕仁,栗山裕仁,"カナディアンパネル6.52kw 新設
コロナエコキュート370 新設","2,640,000",九州,"毎月経済効果どうですか？の
地道なご連絡の末、お客様紹介🫱🏿‍🫲🏻",栗山裕仁_JINNOVA,2026/09/09 14:38:44,TRUE,FALSE,,
伊東みどり,尾関鎮,白方 誠人,"長州産業スマートPVマルチ9.8全負荷
メーカー15年保証","2,310,000",東海,"現場調査　10/3
工事日　10/18",（株）ベスティブロ　白方 誠人,2026/09/10 13:49:50,TRUE,TRUE,,
渡辺聡,伊井大陽,横田哲士,DMM14.3 ヘムス,2530000,関東,,横田哲士_LIVIONpartners,2026/09/10 17:57:37,TRUE,FALSE,,
髙橋達也,鈴木琉斗,伊藤蓮,長州9.8特定負荷,2090000,東海,HTBエナジートスアップ,伊藤蓮_スマートハウス推進統括本部,2026/09/10 18:27:50,TRUE,FALSE,,
髙橋吾一,曽我部千稜,栗山裕仁,"SHARP15.4kw 
HEMS
入替","2,640,000",九州,"長い闘いでした。
鹿児島空港まで来て契約です🫱🏿‍🫲🏻🛩️

一緒に細かいお客様の試算手伝って
くれてありがとうございました！
NICEアポ同行後のアポです❤️‍🔥",栗山裕仁_JINNOVA,2026/09/10 19:35:55,TRUE,TRUE,,
野田拓哉,橋口航大,橋口航大,"DMM蓄電池10khw
全負荷ハイブリッド20年保証","2,310,000",九州,"再エネ✖️金融
🤝🏻ズバッと🤝🏻

今月自アポ１本目🔥

アポを振る、他アポも捌く、
数字がない時は自アポも捌く
九州のオールラウンダーとして
もっと盛り上げます🌋

先日のFF研修にて川上さんから
教えてもらった会社概要でお客様の
信頼信用勝ち取りました。
感謝です。

栗山師匠事前サポートありがとうございます。

",橋口航大_スマートハウス推進統括本部,2026/09/10 19:36:31,TRUE,FALSE,,
伊佐　徳永　,嘉数　龍磨,嘉数　龍磨,住友電工蓄電池7.7kWh,"1,999,800円",沖縄,5年延長保証,嘉数龍磨_Corest home,2026/09/10 21:25:23,TRUE,FALSE,,
熊倉重春,高橋崇大,横田哲士,SHARP15.4kwh ヘムス,2530000,関東,,横田哲士_LIVIONpartners,2026/09/11 12:07:38,TRUE,TRUE,,
福元 実,横山藍己,小林祐真,"長州蓄電池6.5kwh全負荷
メーカー20年保証
日立IH60cm","¥2,310,000税込",東海,,小林祐真_Ambitious株式会社,2026/09/11 12:50:04,TRUE,TRUE,,
平川達也,伊井太陽,久保海飛,"ニチコン19.9
CUBEJ
自社5年延長保証","2,750,000",関東,NARUTOの映画監督してた人で全く知らないですがNARUTOファンですと言ったら即決いけました！アポありがとうございます！,久保海飛_Ambitious株式会社,2026/09/11 18:16:07,TRUE,TRUE,,
中間一彰,曽我部千稜,栗山裕仁,"DMM10kw全負荷HYB
メーカー20年保証","2,200,000",九州,"一日一成約4日連続チャレンジ成功🫱🏿‍🫲🏻
2日連続成約おめでとう御座います🎊

支払いネガのお客様
頑張って繋いでくれたら
金融知識でなんとかします🔥


犬愛好家を演じて、ご契約🐶
いつもガッツある
アポありがとうございました🙂‍↕️",栗山裕仁_JINNOVA,2026/09/11 20:38:44,TRUE,TRUE,,
平匡貴,一ノ瀬文哉,久保海飛,"DMM14.3
自社5年延長保証
CUBEJ","2,640,000",関東,契約者変更です。,久保海飛_Ambitious株式会社,2026/09/11 21:15:11,TRUE,TRUE,,
中村 安弘,野村 俊介,伊木 裕二,住友電工 蓄電池 13KWh,"2,699,400",沖縄,,伊木裕二_Corest home,2026/09/12 10:50:09,TRUE,TRUE,,
槐島峰尚(ゲジマホウショウ),橋口航大,栗山裕仁,SHARP15.4kw 入替,"2,860,000",九州,"再エネ✖️金融
ズバッとご契約です🫱🏿‍🫲🏻

医療従事者に対して銀行保険内容は
かなり刺さりますが、したたかなご主人様でした。
よく繋いでくれました、
ありがとうございます、相棒🫱🏿‍🫲🏻",栗山裕仁_JINNOVA,2026/09/12 12:12:42,TRUE,TRUE,,
狩野貴仙様,後藤晃祐,熊谷康佑,"DMM蓄電池7kw
コロナエコキュート370L",2970000,東北,,熊谷康佑_LeadMore,2026/09/12 13:47:06,TRUE,TRUE,,
塩浦孝昌,原　未希斗,橋口　航大,"シャープ蓄電池7.7kwh 全負荷
自社保証5年
","2,375,450",九州,"今月2成約目‼️
新人の2ヶ月目のペースとして優秀✨

かなり粘ったけど無事に！
このお客様は慎重に進めます。

今日の午後もアポ稼働一緒にがんばろ

朝トレ効果💪チカラ",橋口航大_スマートハウス推進統括本部,2026/09/12 13:53:10,TRUE,TRUE,,
竹村　由之,落合汐里,徳永優太,"長州パワコン
ダイキンエコキュート370","1,155,000",四国,,徳永優太_forme works,2026/09/12 13:53:37,TRUE,TRUE,,
金澤昭夫,尾関鎮,白方 誠人,"長州産業6.5kw全負荷
メーカー20年保証
コロナエコキュート370","2,420,000",東海,"現場調査9/28
工事日　10/14",（株）ベスティブロ　白方 誠人,2026/09/12 13:58:02,TRUE,TRUE,,
山本研人,木村瞭太,横山豪,SHARP蓄電池15.4kwh、コロナエコキュート460l,"3,520,000",東海,＠木村瞭太　当日アポナイス！,横山豪_スマートハウス推進統括本部,2026/09/12 14:43:05,TRUE,TRUE,,
上原将司,小野龍一,栗山裕仁,"長州産業SPVマルチ9.7kw全負荷HYB
メーカー20年保証","2,200,000",九州,"アポ同行で取得したアポ、見事成約🫱🏿‍🫲🏻

聞くだけ感満載でしたが
もう人売りとぶっ飛び商談作戦バチっと🔥

格闘技大好き夫婦なので
RIZINで誰が好きか当てたら僕から
導入して下さいで、当てたので約束通り👊🏿
アポありがとうございました！！
",栗山裕仁_JINNOVA,2026/09/12 15:42:41,TRUE,TRUE,,
斎藤晋吾,尾関鎮,川上留以,"シャープ7.7kwh蓄電池
ダイキンエコキュート460","2,970,000円",東海,,川上 留以_スマートハウス推進統括本部,2026/09/12 16:41:00,TRUE,TRUE,,
加地進,濵田裕大,久保海飛,"DMM14.3
CUBEJ
自社10年延長保証","2,640,000",関東,"夫婦両面のナイスアポです！！
奥さん綺麗でした！！普段は営業断るみたいで、ロープレの効果抜群ですね！",久保海飛_Ambitious株式会社,2026/09/12 17:38:06,TRUE,TRUE,,
望月裕司,鈴木崇,一木亮太,"DMMパネル5.21kW
DMM蓄電池14kW 2機
HEMS",4739400,関東,返還金ある事伝えてます,一木亮太　HY,2026/09/12 17:42:24,TRUE,TRUE,,
濱田　孝伸,河本一樹,徳永優太,長州蓄電池12.7 ２０年保証,"2,299,000",四国,,徳永優太_forme works,2026/09/12 17:52:21,TRUE,TRUE,,
金谷真吾(カナヤシンゴ),杉山大樹,杉山大樹,"長州産業ホットパネル　7.24kw
長州産業蓄電池　13kwh
メーカー20年保証
ダイキンエコキュート寒冷地仕様460L
自社5年","4,700,000",北海道,,杉山大樹_HY,2026/09/12 18:49:54,TRUE,TRUE,,
佐藤幸平,岸上恵大,武田功平,"SHARPパネル　8.216kwh
SHARP蓄電池　9.5kwh
HEMS","3,980,000",北海道,"初1人商談で決まりました！
北海道を照らして雪積もらないようにします！",武田 功平,2026/09/12 18:52:22,TRUE,TRUE,,
沼田愛彦,篠優,山口裕馬,"ニチコン19.9
キューブJ
エコキュート430薄型",3135000,関東,優！クローザーになるぞ🔥,山口裕馬_HY,2026/09/12 19:19:32,TRUE,TRUE,,
川畑和宏,末吉剛大,井上務,"SHARP蓄電池7.7
三菱IH","2,090,000",東海,"施工店:ワールド電化
東海市補助金",井上務_Ambitious株式会社,2026/09/12 19:19:55,TRUE,TRUE,,
阿部秀樹,伊井大陽,横田哲士,ニチコン19.9 ヘムス,2750000,関東,,横田哲士_LIVIONpartners,2026/09/12 21:12:44,TRUE,TRUE,,
森 幹広,小林 周平,髙林 大夢,"SHARP蓄電池7.7kw
コロナエコキュート460L","2,942,000",東北,,高林 大夢_LeadMore,2026/09/13 11:43:44,TRUE,TRUE,,
岡﨑 誠,鈴木虎春,小林祐真,"長州蓄電池6.5kwh特定負荷ハイブリッド
メーカー20年保証
日立IH60cm
リンナイ 食洗機
リンナイ 浴暖用ガス給湯器、浴室暖房機","¥3,025,000税込",東海,,小林祐真_Ambitious株式会社,2026/09/13 15:37:37,TRUE,TRUE,,
橋本祥成,横山豪,川上留以,長州産業蓄電池12.7kwh全負荷,"1,826,000円",東海,見積り10枚以上持ってて粗利安くなりました🙏,川上 留以_スマートハウス推進統括本部,2026/09/13 16:19:02,TRUE,TRUE,,
清水友二郎,井本優良,井本優良,ニチコン19.9kwh,"2,970,000円",関東,,井本優良　HY株式会社,2026/09/13 17:40:07,TRUE,TRUE,,
木下　理恵,富田健斗,徳永優太,長州13kw メーカー２０年保証,"2,365,000",四国,,徳永優太_forme works,2026/09/13 17:44:03,TRUE,TRUE,,
芳賀秀彦,込山大貴,山口裕馬,"dmm14.3
全負荷
キューブJ
メーカー10年＋自社10年延長保証付き
三菱IHグリル無し",2854500,関東,"こみちゃんナイポ🔥
銀行ローン通りますように🙏",山口裕馬_HY,2026/09/13 18:58:15,TRUE,TRUE,,
林喜宏,池田康彦,野中大生,dmm14.3,2970000,関東,"債務整理して5年未満なのでローンが通れば！
とりあえず成約しておきました。",野中大生,2026/09/13 19:24:26,TRUE,TRUE,,
市川正章,濱田裕太,横田哲士,長州12.7  ヘムス,3080000,関東,,横田哲士_LIVIONpartners,2026/09/14 15:15:19,TRUE,TRUE,,
田浦友浩(タウラトモヒロ),由地光輝,杉山大樹,"長州産業太陽光パネル 3.3kw
長州産業蓄電池 6.5kwh全負荷
メーカー20年
ダイキンエコキュート 460L
寒冷地仕様 自社10年",3600000,北海道,アポイントありがとうございました。,杉山大樹_HY,2026/09/14 20:13:31,TRUE,TRUE,,
鮫島　彰様,森井　桃花,浅井　詩音,"DMM蓄電池 10kwh 
全負荷ハイブリッド
コロナエコキュート370L
","3,190,000円",九州,,河野大輝　アフターホーム,2026/09/14 21:06:47,TRUE,FALSE,,
石山　祐,辻坂修太郎,中島将暢,"DMM 蓄電池7kwh新設
コロナエコキュート３７０Ｌ入替",2950000,東海,メーカー20年保証付,中島将暢　JINNOVA,2026/09/15 16:43:31,TRUE,TRUE,,
荘埜磯一,冨澤彪,伊藤圭佑,"ニチコン19.9kwh
CUBE J
自社5年保証","3,014,000",関東,ナイスアポです👍👍👍👍👍,伊藤圭佑_HY,2026/09/16 12:32:20,TRUE,TRUE,,
谷村浩伸,辻坂修太朗,鈴木隆輔,"長州12.7全負荷ハイブリッド
20年保証","2,750,000",東海,,鈴木隆輔,2026/09/16 14:43:07,TRUE,TRUE,,
竹内健,伴えいしろう,星崎政和,"長州産業蓄電池6.5
特定負荷
メーカー保証20",2145000,東海,"テクノホーム
補助金　阿久比町",星崎政和_Ambitious株式会社,2026/09/16 15:40:05,TRUE,TRUE,,
中山裕貴,吉田龍吾,伊藤蓮,"シャープ15.4
HEMS",2600000,東海,,伊藤蓮_スマートハウス推進統括本部,2026/09/16 20:44:43,TRUE,TRUE,,
長岡恵輔,曽我部千稜,栗山裕仁,"SHARP15.4kw全負荷HYB
メーカー15年➕自社保証5年
入替","2,640,000",九州,"日曜日の商談がテル結で身を結びました🫱🏿‍🫲🏻
今月4件目、NICEです！！

蓄電池ローン残っていて
今回入替してダブルローンになる際の
最適案を僕自身も学べた商談契約でした🔥",栗山裕仁_JINNOVA,2026/09/17 17:53:18,TRUE,TRUE,,
加藤 信郎,佐藤 響,小林祐真,"長州蓄電池6.5kwh特定負荷ハイブリッド
メーカー20年保証","¥2,640,000税込",東海,ここから挽回して絶対達成しましょう！🔥,小林祐真_Ambitious株式会社,2026/09/17 18:21:58,TRUE,TRUE,,
江幡美穂,山口裕馬,山口裕馬,三菱エコキュート430薄型,440000,関東,5月工事のお客様の追加注文。,山口裕馬_HY,2026/09/17 18:40:00,TRUE,TRUE,,
海野太一,大塚祝桜,横田哲士,"DMM14.3
AIKOソーラー3.6kW",2915000,関東,"相見積もり案件で粗利低めです🙇
手出しこちらの方が高いですが信用でなんとか成約！
",横田哲士_LIVIONpartners,2026/09/18 16:42:55,TRUE,TRUE,,
森奨太,池田康彦,久保海飛,"ニチコン19.9
自社5年延長保証
CUBEJ","2,750,000",関東,"手出し30万見積り断っている方でしたが何とかいけました！
奥様確認だけ祈りましょう！",久保海飛_Ambitious株式会社,2026/09/18 16:47:10,TRUE,FALSE,,
井上良純,横山豪,川上留以,長州産業蓄電池12.7kwh全負荷ハイブリッド,"2,860,000円",東海,HTB加入,川上 留以_スマートハウス推進統括本部,2026/09/18 17:02:22,TRUE,TRUE,,
田村祐樹様,横山藍己,板倉崇晃,"長州産業13kwhハイブリッド全負荷
パナソニックエコキュート
三菱IH","3,280,000円",東海,※入力のし直しです。,板倉崇晃 ゼニソ,2026/09/18 18:50:38,TRUE,TRUE,,
鳥越けい子,濵田裕大,久保海飛,"シャープ15.4
HEMS","2,860,000",関東,"青学の教授でした！
ナイスアポです！",久保海飛_Ambitious株式会社,2026/09/19 11:18:11,TRUE,TRUE,,
佐藤弘昇　サトウヒロノリ,石山大河,安藤大晃,"長州蓄電池9.8kwh 特定負荷
20年自社延長保証",2640000,東海,,安藤大晃　D-MAK,2026/09/19 11:27:57,TRUE,TRUE,,
竹内大助,福島幸也,石川平馬,ニチコン蓄電池19.9キロ,"2,750,000",関東,,石川平馬,2026/09/19 12:26:21,TRUE,TRUE,,
萩原幸子,大原颯太,野中大生,DMM14.3,2310000,関東,"初手で10万以上はやらない、から始まったけど余裕の捲りでした👍

粘りのナイスアポ！",野中大生,2026/09/19 13:01:40,TRUE,TRUE,,
髙橋 丈夫,小林 周平,髙林 大夢,"DMM蓄電池14kw
コロナエコキュート460L
日立IH",3600000,東北,,高林 大夢_LeadMore,2026/09/19 17:11:12,TRUE,TRUE,,
寳田祐樹様,平山沙羅,阿部隆之介,カナディアンパネル4.7kw EP CUBE 9.9kwh ,"¥3,250,000",関東,今月3本目🙌,阿部隆之介_STORIA,2026/09/19 17:21:37,TRUE,TRUE,,
慶田智史,濵田裕大,久保海飛,"DMM14.3
自社5年延長保証
CUBEJ","2,805,000",関東,夫婦両面のナイスアポです！！,久保海飛_Ambitious株式会社,2026/09/19 17:46:10,TRUE,TRUE,,
加藤 智春　カトウ トモハル,信國謙太朗,髙林 大夢,DMM蓄電池7kw,"2,860,000",東北,,高林 大夢_LeadMore,2026/09/19 19:25:25,TRUE,TRUE,,
児玉ロベルト,吉田悠太,井上務,"パワーデポR 7.7kwh
コロナEQ薄型370L","2,500,000",東海,施工店:ワールド電化,井上務_Ambitious株式会社,2026/09/20 11:34:08,TRUE,TRUE,,"・売買契約書：郵便番号未記入
（・売買契約書：お客様の下のお名前のフリガナ未記入←併せて対応をお願いいたします。）"
和田篤人,春日柚樹也,星崎政和,"長州産業蓄電池13
全負荷
メーカー保証20",2585000,東海,"テクノホーム
補助金東浦町",星崎政和_Ambitious株式会社,2026/09/20 11:55:14,TRUE,TRUE,,
丸山寛征,篠優,山口裕馬,"dmm14.3付替
キューブJ
メーカー10年＋自社10年延長保証付き",2750000,関東,"片面で奥様確認入るけど成約です🔥
ゆう！ナイス付替アポ
久保トーク神🔥",山口裕馬_HY,2026/09/20 12:11:46,TRUE,TRUE,,
大草美紀,福島幸也,石川平馬,DMM蓄電池14.3キロ、コロナエコキュート370l、日立IH,"2,970,000",関東,,石川平馬,2026/09/20 13:05:48,TRUE,TRUE,,
井上守,伊井太陽,野中大生,長州12.7 全負荷,2640000,関東,,野中大生,2026/09/20 14:08:41,TRUE,TRUE,,
菊池秀和,一ノ瀬文哉,久保海飛,"DMM14.3
自社10年延長保証
CUBE J","2,200,000",関東,"厳しい条件でしたが気持ちでいきました！
奥様確認だけ祈りましょう！
ナイスアポ！！！",久保海飛_Ambitious株式会社,2026/09/20 14:11:06,TRUE,TRUE,,
杉山弘,大原颯太,横田哲士,ニチコン19.9 ヘムス,2750000,関東,"冒頭から1円でもかかるならやらないとのことでしたが、粘った結果お兄さんの上手いプレゼンにやられたよと最後は笑顔でした😂
ナイスアポ！！",横田哲士_LIVIONpartners,2026/09/20 14:14:58,TRUE,TRUE,,
上田健一朗,伊藤樹優,井上務,"SHARP蓄電池7.7kwh
HEMS","2,000,000",東海,施工店:ワールド電化,井上務_Ambitious株式会社,2026/09/20 14:30:17,TRUE,TRUE,,
澁谷宏永,長井登和,小林祐真,"長州蓄電池9.7kwh全負荷
メーカー20年保証","¥2,420,000税込",東海,現金主義で、車を買う予定でしたが蓄電池買うことにしてもらいました！,小林祐真_Ambitious株式会社,2026/09/20 14:32:32,TRUE,TRUE,,
桒山義英,上田洋平,小林祐真,"長州蓄電池9.7kwh全負荷
メーカー20年保証","¥2,860,000税込",東海,まだまだここから！🔥,小林祐真_Ambitious株式会社,2026/09/20 14:34:01,TRUE,TRUE,,
白岸陽子,篠優,伊藤圭佑,"DMM14kwh蓄電池
メーカー20年保証
CUBE J
コロナエコキュート460L","3,080,000",関東,"ファミレス商談で印鑑持ってきてるの流石すぎた！
素晴らしいアポありがとう！
クローザーおめでとう🎉🎊🎈",伊藤圭佑_HY,2026/09/20 17:14:20,TRUE,TRUE,,
岩見佑樹,岸上恵大,武田功平,"長州ホットパネル9.05kw
長州蓄電池9.7kw","3,800,000",北海道,積雪多い地域で太陽光で雪溶かします！,武田 功平,2026/09/20 17:26:00,TRUE,TRUE,,
毛利竜彦,中島将暢,中島将暢,DMM蓄電池10kwh,2500000,東海,,中島将暢　JINNOVA,2026/09/20 17:36:54,TRUE,TRUE,,"保留
クーリングオフの説明なし"
渡部国博,山田椋太,川上留以,長州産業蓄電池12.7kwh全負荷ハイブリッド,"2,860,000円",東海,,川上 留以_スマートハウス推進統括本部,2026/09/20 17:48:26,TRUE,TRUE,,
井沢敬浩,吉田悠太,井上務,住友電工パワーデポR 13kwh,"2,585,000",東海,施工店:ワールド電化,井上務_Ambitious株式会社,2026/09/20 18:01:03,TRUE,TRUE,,
伊藤清子,門脇駆,一木亮太,"DMM蓄電池14kW
コロナエコキュート370
HEMS","2,593,000",関東,,一木亮太　HY,2026/09/20 19:44:06,TRUE,TRUE,,
岩田基幸,上田洋平,小林祐真,"長州蓄電池9.7kwh特定負荷ハイブリッド
メーカー20年保証","¥2,400,000税込",東海,"お客様、だいとくさん見て会社を知ってくれており、最後は社長イケてるしやるか！となりました！笑
八賀さんありがとうございます‼️",小林祐真_Ambitious株式会社,2026/09/20 20:33:06,TRUE,TRUE,,"保留
不安なため一度考えたい"
圖司勝英,一ノ瀬文哉,久保海飛,"DMM14.3
自社10年延長保証
コロナ薄型460
日立IH
CUBE J","3,080,000",関東,"夫婦両面のナイスアポ！！！
娘様可愛くて恋してしまいました‪🫶",久保海飛_Ambitious株式会社,2026/09/20 22:41:05,TRUE,TRUE,,
宗片大子,尾関慎,野中大生,SHARP15.4 コロナ370L ,3300000,関東,,野中大生,2026/09/21 10:35:01,TRUE,TRUE,,
川村剛,五十嵐正,横田哲士,長州蓄電池16.4kwh 単機能,2310000,関東,,横田哲士_LIVIONpartners,2026/09/21 10:36:59,TRUE,FALSE,,
有馬 真大,若山峻護,小林祐真,SHARP蓄電池7.kwh全負荷,"¥2,420,000税込",東海,最後にエコシステムの198万見積もりが出てきました💦💦,小林祐真_Ambitious株式会社,2026/09/21 12:38:02,TRUE,FALSE,,
桑山直人様,若山峻護,御船正己,"長州産業蓄電池13.0キロ
ハイブリッド全負荷
メーカー20年保証
日立IH",3795000,東海,施工店ワールド電化,御船正己_Ambitious株式会社,2026/09/21 16:10:26,TRUE,TRUE,,
新海貴義,三好雄太,小林祐真,"長州蓄電池13kwh特定負荷ハイブリッド
メーカー20年保証
コロナエコキュート370角型
日立IH60cm","¥2,970,000税込",東海,,小林祐真_Ambitious株式会社,2026/09/21 20:34:54,TRUE,TRUE,,
宮地守男,鈴木琉斗,伊藤蓮,"シャープ7.7
コロナエコキュート
日立IH",2739000,東海,"光熱費かなり安かったですがなんとかオール電化提案で！
アポありがとうございます！",伊藤蓮_スマートハウス推進統括本部,2026/09/22 11:52:18,TRUE,TRUE,,
坂本美貴子,若山峻護,星崎政和,"長州産業蓄電池13
全負荷
メーカー保証20",2365000,東海,"テクノホーム
補助金常滑市",星崎政和_Ambitious株式会社,2026/09/22 12:43:48,TRUE,TRUE,,
吉岡光榮,大原颯太,野中大生,DMM14.3kwh,2530000,関東,"パネル6枚だけど、単機能でなんとか😭
ナイス🧑‍🦲",野中大生,2026/09/22 13:46:44,TRUE,TRUE,,
谷本一成,鈴木琉斗,伊藤蓮,"長州13 20年保証
コロナ370薄型",3278000,東海,"本日2件目ナイス！
",伊藤蓮_スマートハウス推進統括本部,2026/09/22 15:24:30,TRUE,TRUE,,
上坂文男,野口英貴,横田哲士,ニチコン19.9 T6 ヘムス,3080000,関東,,横田哲士_LIVIONpartners,2026/09/22 15:28:39,TRUE,TRUE,,
松本純,伊井太陽,野中大生,ニチコン19.9,2970000,関東,売電ほぼ無しでしたがなんとか👍,野中大生,2026/09/22 17:16:33,TRUE,TRUE,,
蓮佛尊志,佐野允秋,一木亮太,"DMM蓄電池14kW
自社20年
HEMS","2,743,000",関東,,一木亮太　HY,2026/09/22 19:04:59,TRUE,TRUE,,
山口積恵,五十嵐聖,横田哲士,SHARP15.4 ヘムス,2530000,関東,,横田哲士_LIVIONpartners,2026/09/22 19:09:29,TRUE,TRUE,,
小倉 大将,小林 周平,髙林 大夢,"DMM蓄電池14kw
コロナエコキュート460L","3,800,000",東北,,高林 大夢_LeadMore,2026/09/22 19:17:52,TRUE,TRUE,,不出
伊藤雄太様,岡元莉輝,御船正己,"長州産業蓄電池13.0キロ
メーカー20年保証
ハイブリッド特定負荷
CORONAエコキュート370L薄型
東芝冷蔵庫501Lホワイト　左開き",4455000,東海,施工店ワールド電化,御船正己_Ambitious株式会社,2026/09/22 20:57:27,TRUE,TRUE,,
上岡大ニ,藤田千絢,徳永優太,"長州12.7kw 全負荷
メーカー20年保証","2,640,000",四国,,徳永優太_forme works,2026/09/23 10:52:54,TRUE,TRUE,,
黒澤正信,池田康彦,久保海飛,"DMM14.3
自社10年延長保証
CUBE J","2,640,000",関東,"設置浅かったですが単機能でしたのでいけました！
夫婦両面のナイスアポです！",久保海飛_Ambitious株式会社,2026/09/23 11:15:34,TRUE,TRUE,,
大岡佑太,野口英貴,横田哲士,DMM14.3 ヘムス,2420000,関東,"3連続ナイスです👍
夫婦両面聞く体制バッチリの素晴らしいアポでした！！",横田哲士_LIVIONpartners,2026/09/23 11:25:24,TRUE,TRUE,,
伊藤隆裕,上野滉己,伊藤蓮,"dmm14全負荷 20年保証
モニター",2874300,東海,"東海で初契約おめでとう㊗️
お前はできる奴だと信じてたよ！

これから成約量産しよう！",伊藤蓮_スマートハウス推進統括本部,2026/09/23 11:58:37,TRUE,TRUE,,
奥出幸治,鈴木隆輔,川上留以,"シャープ7.7kWh全負荷ハイブリッド
ダイキンエコキュート370","2,640,000",東海,,川上 留以_スマートハウス推進統括本部,2026/09/23 13:26:50,TRUE,TRUE,,
森澤　香澄（モリサワ　カスミ）,富田健斗,徳永優太,"長州蓄電池12.7 全負荷メーカー20年
長州パネル2.3kw増設","2,860,000",四国,,徳永優太_forme works,2026/09/23 15:51:35,TRUE,TRUE,,
石塚耕一,一ノ瀬文哉,久保海飛,"DMM14.3
自社10年延長保証
CUBEJ","2,640,000",関東,"野球の話で盛り上がって長くなりました！
夫婦両面のナイスアポです！！",久保海飛_Ambitious株式会社,2026/09/23 17:11:46,TRUE,TRUE,,
大野浩一郎,恩田哉人,橋口航大,"DMM14kw全負荷HYB
ポーカー保証15年","2,673,000",九州,"恩田！！
初成約おめでとう🎉㊗️
そしてアポありがと。

遅くまでロープレもして
俺の厳しい指導も耐え抜いた結果だね

できるまでやり続ける！！
もっともっと成長しような🤝🏻",橋口航大_スマートハウス推進統括本部,2026/09/23 18:03:05,TRUE,TRUE,,"後確保留
・契約していない、検討中"
野村尚生,木村瞭太,川上留以,長州蓄電池12.7kwh全負荷ハイブリッド,"2,750,000円",東海,当日アポすごい！！,川上 留以_スマートハウス推進統括本部,2026/09/23 19:10:58,TRUE,TRUE,,
蛭川龍兵,橋口航大,橋口航大,"長州産業12.7kw全負荷
メーカー保証20年
","2,800,000",九州,"自アポ！！
訪販嫌いなお客様より成約🤝🏻

猫8匹＋夫婦の商談
最後は人売りです。

まだまだ九州盛り上げます🌋",橋口航大_スマートハウス推進統括本部,2026/09/23 20:25:48,TRUE,TRUE,,
仲俣敏和,中川魁人,久保海飛,"DMM14.3
自社10年延長保証
CUBEJ
ダイキンエコキュート460","2,662,000",関東,"ダイキンに異常なこだわりのあるご主人様でした☺️粗利薄い🙇‍♂️
夫婦両面のナイスアポ！やり返すぞ！",久保海飛_Ambitious株式会社,2026/09/23 20:30:42,TRUE,TRUE,,
足立靖,鈴木琉斗,横山豪,長州産業蓄電池12.7kwhメーカー20年保証,"2,640,000",東海,,横山豪_スマートハウス推進統括本部,2026/09/23 21:38:08,TRUE,TRUE,,
笈川義和,佐々木蓮,佐々木蓮,"DMM蓄電池14.3
キューブJ
自社5年延長保証
コロナエコキュート460","3,575,000",関東,初祝㊗️,佐々木蓮HY,2026/09/24 11:00:38,TRUE,TRUE,,
大城 敦 オオシロ アツシ,野村 俊介,伊木 裕二,カナディアンソーラー蓄電池 13.3kWh,"2,739,000",沖縄,,伊木裕二_Corest home,2026/09/24 12:18:06,TRUE,TRUE,,"不備
年齢記載なし、契約日、売契の工事日引き渡し日に相違"
倉沢礼志,込山大貴,一木亮太,"DMM蓄電池14kW
HEMS
自社保証20年","2,893,000",関東,,一木亮太　HY,2026/09/24 12:24:33,TRUE,TRUE,,不出
泊　裕太,原　未希斗,橋口　航大,"DMM蓄電池7kw全負荷HYB
メーカー保証20年","2,168,100",九州,"今月成約3本目🔥チカラ
2ヶ月目でこの数字は素晴らしい👍

東海のメンバーから学んだアポだったね。

高齢者と息子さんの同席を揃えた綺麗なアポだった。ありがとう

来月も頼むぞ🔥",橋口航大_スマートハウス推進統括本部,2026/09/24 13:48:16,TRUE,TRUE,,
石井敏夫,三好雄太,小林祐真,"長州蓄電池9.7kwh特定負荷ハイブリッド
重塩害仕様","¥2,420,000税込",東海,,小林祐真_Ambitious株式会社,2026/09/24 18:54:25,TRUE,TRUE,,
永井久貴,伊井太陽,野中大生,AIKO9.9 DMM14.3×2つ,6800000,関東,"再提案、巻き取りました👍
ビッグオーダーです🔥",野中大生,2026/09/24 19:42:03,TRUE,TRUE,,
青木元気　アオキモトキ,原口慎太郎,井本優良,DMM14.3  全負荷,"2,244,000円",関東,ローン通りますように,井本優良　HY株式会社,2026/09/24 20:15:46,TRUE,TRUE,,
嶋﨑富男,佐野允秋,一木亮太,"ニチコン蓄電池19.9付替
コロナエコキュート370付替
HEMS","3,350,000",関東,,一木亮太　HY,2026/09/24 20:45:05,TRUE,TRUE,,
山本大介,杉山大樹,杉山大樹,"長州産業太陽光 3.96kw
長州産業蓄電池 9.7kwh
メーカー20年","3,600,000",関東,,杉山大樹_HY,2026/09/25 13:52:26,TRUE,TRUE,,
五十嵐道郎,山下勝己,星崎政和,"長州産業蓄電池6.5
全負荷
メーカー20年保証
",2310000,東海,テクノホーム,星崎政和_Ambitious株式会社,2026/09/25 13:53:13,TRUE,TRUE,,
五十嵐道郎,石井勝己,星崎政和,"
長州産業蓄電池6.5
全負荷
メーカー20年保証",2310000,東海,"テクノホーム

アポインター名
間違えましたので再度入力いたしました。",星崎政和_Ambitious株式会社,2026/09/25 14:05:03,TRUE,TRUE,,
井手豊明,冨澤彪,山口裕馬,"ニチコン19.9
キューブJ",2750000,関東,"あきらナイスアポ👍
3週間後の再訪で決着🔥",山口裕馬_HY,2026/09/25 17:42:54,TRUE,TRUE,,
柿崎隆之,篠優,一木亮太,"DMM蓄電池14kW
HEMS
コロナエコキュート薄型370L","2,630,000",関東,,一木亮太　HY,2026/09/25 17:48:00,TRUE,TRUE,,
今井達夫,佐々木蓮,佐々木蓮,"DMM蓄電池14.3
cube J
自社5年延長保証","2,915,000",関東,,佐々木蓮HY,2026/09/25 18:11:48,TRUE,TRUE,,
春日敬三,一木亮太,一木亮太,"DMM蓄電池14kW
HEMS
自社20年保証","2,643,000",関東,,一木亮太　HY,2026/09/25 21:26:46,TRUE,TRUE,,
森崎拓海,岡元莉輝,星崎政和,"長州産業蓄電池13
全負荷
メーカー保証20
コロナエコキュート460",3135000,東海,テクノホーム　補助金エコキュート,星崎政和_Ambitious株式会社,2026/09/26 8:58:12,TRUE,TRUE,,
林田英幸,小林巧,久保海飛,"ニチコン19.9
自社5年延長保証
CUBE J","2,860,000",関東,"初成約おめでとう🎉
パワコン交換済で粗利薄い🙇‍♂️
夫婦両面の素晴らしいアポだった！
これから頑張ろう！！！！",久保海飛_Ambitious株式会社,2026/09/26 10:56:34,TRUE,TRUE,,
白滝春樹,春日柚樹也,星崎政和,"SHARP蓄電池7.7
全負荷
HEMS
メーカー保証15",2530000,東海,テクノホーム　補助金東浦町,星崎政和_Ambitious株式会社,2026/09/26 11:29:06,TRUE,TRUE,,
角谷謙太朗,樋田蒼生,井上務,"長州産業全負荷ハイブリッド13kwh
メーカー20年保証","2,640,000",東海,施工店:ワールド電化,井上務_Ambitious株式会社,2026/09/26 11:37:37,TRUE,TRUE,,
矢田旭　ヤダアキラ,石山大河,安藤大晃,"長州蓄電池12.7 全負荷
メーカー20年保証
パナソニックエコキュート460",3300000,東海,,安藤大晃　D-MAK,2026/09/26 13:12:01,TRUE,TRUE,,
齋藤義美,池田康彦,久保海飛,"ニチコン19.9
自社5年延長保証
CUBE J","2,805,000",関東,"奥様確認だけ祈りましょう！
ナイスアポです！",久保海飛_Ambitious株式会社,2026/09/26 13:45:29,TRUE,TRUE,,
中村 正典,小林 周平,髙林 大夢,コロナエコキュート460L,"825,000",東北,,高林 大夢_LeadMore,2026/09/26 15:25:15,TRUE,TRUE,,
伊藤善一様,大井俊樹,横山豪,長州産業蓄電池13kwh.長州産業パワコン.コロナエコ460L,"3,179,000",東海,,横山豪_スマートハウス推進統括本部,2026/09/26 16:06:20,TRUE,TRUE,,
位田　浩　,大谷勇斗,伊藤蓮,"シャープ１５.４HEMS
コロナ370",2860000,東海,"3時間商談のテル結でなんとか🙏
アポありがとうございました！！",伊藤蓮_スマートハウス推進統括本部,2026/09/26 16:06:54,TRUE,TRUE,,・ローンお申込み前のため、ローンにて後確不可
松井真之,佐々木蓮,佐々木蓮,"ニチコン19.9全負荷
cube J
三菱IH三口","3,421,000",関東,,佐々木蓮HY,2026/09/26 16:42:30,TRUE,TRUE,,
坂田　登志治,河本一樹,徳永優太,"長州蓄電池12.7 全負荷　メーカー20年保証
CUBE J
長州太陽光増設　2.4kw","2,596,000",四国,,徳永優太_forme works,2026/09/26 16:49:46,TRUE,TRUE,,
芳山喜洋,岡元莉輝,小林祐真,"SHARP蓄電池15.4kwh全負荷
リンナイ ガス給湯器","¥3,300,000税込",東海,,小林祐真_Ambitious株式会社,2026/09/26 17:18:31,TRUE,TRUE,,
野中大生,伊井太陽,野中大生,長州12.7 特定,2860000,関東,,野中大生,2026/09/26 17:19:47,TRUE,TRUE,,お客様名：斎賀久昌様
宮本隆史,春日柚樹也,星崎政和,"長州蓄電池13
特定負荷
メーカー保証20
コロナエコキュート370",2530000,東海,テクノホーム　補助金エコキュート　東浦町,星崎政和_Ambitious株式会社,2026/09/26 17:23:16,TRUE,TRUE,,
久保広和様,伊井大陽,横山豪,長州産業蓄電池9.8kwh全負荷ハイブリッド20年,"2,310,000",東海,"2ヶ月越しのTEL結回収👍
アポありがとうございました！",横山豪_スマートハウス推進統括本部,2026/09/26 17:49:13,TRUE,TRUE,,
松戸誠市,佐野允秋,井本優良,ニチコン19.9,"2,970,000",関東,,井本優良　HY株式会社,2026/09/26 18:31:27,TRUE,TRUE,,
松波恵子,野口英貴,横田哲士,DMM14.3 ヘムス,2420000,関東,積水確認になりそうでしたが、なんとか捲りました！,横田哲士_LIVIONpartners,2026/09/26 19:14:01,TRUE,TRUE,,
土方則男,大原颯太,野中大生,dmm 14.3,2500000,関東,😏,野中大生,2026/09/26 20:08:43,TRUE,TRUE,,
萩原直紀,尾方直樹,伊藤圭佑,"DMM蓄電池14kwh
自社10年保証
CUBE J","2,376,000",関東,"回収できました！
初成約おめでとう御座います㊗️🍾🎉",伊藤圭佑_HY,2026/09/26 20:25:27,TRUE,TRUE,,
松浦一登,三好雄太,星崎政和,"長州蓄電池13
全負荷
メーカー保証20",2640000,東海,テクノホーム　補助金常滑市,星崎政和_Ambitious株式会社,2026/09/26 23:19:16,TRUE,TRUE,,
木本義子,高橋崇大,野中大生,DMM14.3 外壁屋根塗装、シール、ベランダ防水,3630000,関東,"他社とリフォームの話も進んでいたので
蓄電池+リフォーム提案で巻き返しました🔥",野中大生,2026/09/27 10:54:59,TRUE,TRUE,,
馬場聖至,濵田裕大,久保海飛,"DMM14.3
自社10年延長保証
CUBE J","2,805,000",関東,"ロープレ行きましょ！
夫婦両面のナイスアポです！",久保海飛_Ambitious株式会社,2026/09/27 11:04:31,TRUE,TRUE,,
平山武司,高橋崇大,横田哲士,DMM14.3 ヘムス,2200000,関東,"ヘーベル倒すの大変です😅
夫婦両面アポありがとうございました！",横田哲士_LIVIONpartners,2026/09/27 11:39:44,TRUE,FALSE,,
保﨑一郎,五十嵐聖,一木亮太,"ニチコン蓄電池19.9kw
HEMS
自社20年保証","3,040,000",関東,"上品な奥様でとても商談しやすかったです！
アポありがとうございました！",一木亮太　HY,2026/09/27 11:54:17,TRUE,TRUE,,
宮前千恵子,佐々木蓮,一木亮太,"外壁塗装
屋根塗装","1,100,000",関東,,一木亮太　HY,2026/09/27 12:01:37,TRUE,TRUE,,売買契約書：生年月日相違
泊杜夢様,小島克哉(STORIA),阿部隆之介(STORIA),カナディアン太陽光5.9kw EP CUBE 9.9kwh ,"¥3,500,000",関東,,阿部隆之介_STORIA,2026/09/27 13:07:56,TRUE,TRUE,,
渡辺正弘様,胡木真吾,熊谷康佑,"DMM蓄電池7kw
全負荷
日立IH 60cm",2860000,東北,,熊谷康佑_LeadMore,2026/09/27 13:30:58,TRUE,TRUE,,
荒川陽,ハマダユウタ,野中大生,長州12.7 全負荷,2640000,関東,,野中大生,2026/09/27 13:35:33,TRUE,TRUE,,
阿部二三代,五十嵐聖,横田哲士,"DMM14.3 ヘムス
コロナエコキュート460l",2805000,関東,今年度の補助金で同じ蓄電池で手出し30万の見積もりが出てきましたが、エコキュートをフックになんとか！いつもアポイントありがとうございます！,横田哲士_LIVIONpartners,2026/09/27 13:54:17,TRUE,TRUE,,
上村　勇次様,森井桃花,岩本　顕,"DMM蓄電池 14kwh 
全負荷ハイブリッド
自社20年保証

DMMパワコン
自社20年保証
","3,146,000円",九州,,河野大輝　アフターホーム,2026/09/27 14:20:21,TRUE,TRUE,,・売買契約書：パワーコンディショナーが0円表記
古川峰康,篠優,伊藤圭佑,"DMM蓄電池14kwh
自社10年保証
CUBE J","2,585,000",関東,"優くんのタマネギトークがブッ刺さってた🔥
ナイスアポ！！",伊藤圭佑_HY,2026/09/27 15:29:28,TRUE,FALSE,,
西森　保,藤田　千絢,徳永優太,長州産業蓄電池9.8 メーカー20年,"2,200,000",四国,,徳永優太_forme works,2026/09/27 15:40:59,TRUE,TRUE,,
山浦広,一ノ瀬文哉,山口裕馬,"ニチコン19.9付替
キューブJ
メーカー15年＋自社5年延長保証付き",2750000,関東,"途中やらないってりましたが、ニチコン最低粗利でご契約💦
一ノ瀬君両面ナイスアポ🔥",山口裕馬_HY,2026/09/27 15:56:51,TRUE,TRUE,,
北川 祐至,小林 周平,髙林 大夢,"DMM蓄電池7kw
コロナエコキュート370L","3,300,000",東北,,高林 大夢_LeadMore,2026/09/27 16:34:16,TRUE,TRUE,,
花房福至,大原颯太,横田哲士,DMM14.3 ヘムス,2310000,関東,7件目標達成ナイス🔥,横田哲士_LIVIONpartners,2026/09/27 17:12:11,TRUE,TRUE,,
田中隆,中川魁人,久保海飛,"シャープ15.4
HEMS
自社5年延長保証","2,860,000",関東,"過去一やばかった笑
夫婦両面のナイスアポ！
来月はやるぞ！！",久保海飛_Ambitious株式会社,2026/09/27 17:13:53,TRUE,TRUE,,
佐藤嗣和,由地光輝,武田功平,"SHARPパネル 7.8080kwh
SHARP蓄電池 9.7kw","3,400,000",北海道,,武田 功平,2026/09/27 17:37:15,TRUE,TRUE,,・売買契約書：商品代金合計相違
田中直樹,末吉剛大,星崎政和,"長州蓄電池13
全負荷
メーカー保証20",2475000,東海,テクノホーム　補助金東浦町,星崎政和_Ambitious株式会社,2026/09/27 17:46:01,TRUE,TRUE,,
森重健,小野龍一,橋口航大,"DMM10kw全負荷HBY
メーカー保証20年
コロナエコキュート460L
","2,880,000",九州,"昨日獲得したアポを即日商談NICE🫡

片面で1時間半商談の状況だったけど
なんとかがんばりました。

奥様と話し合いもあるけど
そこまでフォローするから安心して

来月手を抜いた稼働するなよ。
10月
小野龍一アポランキング🏆狙いなさい🌋


",橋口航大_スマートハウス推進統括本部,2026/09/27 17:47:53,TRUE,TRUE,,
北原康弘,一ノ瀬文哉,久保海飛,"ニチコン19.9
自社5年延長保証
CUBEJ","2,750,000",関東,"昨日の激粘り帰ってきました！
夫婦両面のナイスアポです！！",久保海飛_Ambitious株式会社,2026/09/27 18:50:41,TRUE,TRUE,,
内野　考久様,森井桃花　,浅井詩音,"DMM蓄電池 10kwh 
全負荷ハイブリッド
自社20年保証
","2,640,000円",九州,,河野大輝　アフターホーム,2026/09/27 19:02:06,TRUE,TRUE,,
池田雄一様,鈴木虎春,板倉崇晃,長州蓄電池9.7ハイブリッド特定負荷,"2,580,000円",東海,,板倉崇晃 ゼニソ,2026/09/27 19:14:27,TRUE,TRUE,,
中川忠彦,佐野允秋,伊藤圭佑,"ニチコン蓄電池19.9kwh
CUBE J","275,000",関東,両面の即日アポありがとうございます❤️‍🔥❤️‍🔥,伊藤圭佑_HY,2026/09/27 19:33:41,TRUE,FALSE,,"販売価格が「275,000」とありますが、
キントーンには「2,750,000」で
入力しています"
尾崎力,尾関鎮,川上留以,シャープ蓄電池7.7kwh全負荷ハイブリット,"1,980,000円",東海,,川上 留以_スマートハウス推進統括本部,2026/09/27 20:31:08,TRUE,TRUE,,
森本 美香,春日柚樹也,小林祐真,日立IH60cm プレミアムブラック,"¥770,000税込",東海,,小林祐真_Ambitious株式会社,2026/09/28 13:02:51,TRUE,TRUE,,
今村一路,濱田裕太,横田哲士,DMM14.3 ヘムス,2640000,関東,,横田哲士_LIVIONpartners,2026/09/28 16:00:28,TRUE,FALSE,,
宮川博,佐野允秋,佐々木蓮,"ニチコン19.9全負荷
cube J
コロナエコキュート370","4,213,000",関東,,佐々木蓮HY,2026/09/28 19:11:48,TRUE,TRUE,,
村瀬 弘子 ムラセ ヒロコ,山城 輝人,伊木 裕二,"住友電工 蓄電7.7KWh,パナソニックIH","2,310,000",沖縄,蓄電池5年延長保証,伊木裕二_Corest home,2026/09/29 14:33:25,TRUE,TRUE,,
青木一紘,小野龍一,橋口航大,"DMM蓄電池10kwh全負荷HBY
メーカー保証20年
コロナエコキュート460L","2,880,000",九州,"月内ギリギリ成約！
これで九州FF皆、最低目標達成✨
おめでとう🎊

即決が難しいお客様だったけど
商談後のフォローもしてなんとかテル結

小野もフォローありがとう

来月も今月より最高な月にしよう🌋",橋口航大_スマートハウス推進統括本部,2026/09/29 19:45:45,TRUE,TRUE,,
仲丸豊,西田勇海,石川平馬,DMM蓄電池14.3キロ,2420000,関東,,石川平馬,2026/09/30 14:56:36,TRUE,TRUE,,"後確保留
契約を一旦とめたい"
佐藤勝夫,須藤隆成,白方 誠人,"長州6.5kw全負荷
メーカー15年保証","1,760,000",東海,"現場調査　10/9
工事日　10/20",（株）ベスティブロ　白方 誠人,2026/09/30 16:56:33,TRUE,TRUE,,
谷口基,吉田龍吾,川上留以,"長州蓄電池13kwh特定負荷ハイブリッド
三菱エコキュート550","3,080,000円",東海,,川上 留以_スマートハウス推進統括本部,2026/09/30 17:12:01,TRUE,TRUE,,不備：割印なし→10/1に再添付
島崎正貴,伊井大陽,横田哲士,ニチコン19.9 ヘムス,2860000,関東,"ニチコンすみません😭
10月もよろしくお願い致します！",横田哲士_LIVIONpartners,2026/10/01 11:14:10,TRUE,TRUE,,
長谷川義之,込山大貴,山口裕馬,"ニチコン19.9
メーカー15年＋自社5年延長保証付き
キューブJ
エコキュート460リットル三菱
V2H
",4785000,関東,ナイスアポ👍今月もスタート🔥,山口裕馬_HY,2026/10/01 17:52:05,TRUE,TRUE,,"不備
・売買契約書：EQの表記に脱字あり
→「エコキュー」となっております。
・電子契約同意書添付なし"
天野友仁,伊井大陽,久保海飛,"ニチコン19.9
CUBEJ","2,970,000",関東,"ニチコンばかりで申し訳ないです🙇‍♀️
ナイスアポです！",久保海飛_Ambitious株式会社,2026/10/09 20:23:42,TRUE,TRUE,,
市川将司,中川魁人,久保海飛,"ニチコン19.9
自社5年延長保証
CUBE J
aikoパネル","5,005,000",関東,"パネルも合わせて再提案！
ナイスアポ！！！",久保海飛_Ambitious株式会社,2026/10/10 10:11:19,TRUE,TRUE,,
上村憲一,原未希斗,栗山裕仁,"DMM14kw全負荷HYB
メーカー20年保証
入替","2,750,000",九州,"商談同行無事に🫱🏿‍🫲🏻
スマートすぎる商談見せれて良かったです！

隣で朝マック食べて、隣でナビゲートミスして
失格でしたがアポ質良くて、結果合格です💮

アポありがとうございました🙂‍↕️",栗山裕仁_JINNOVA,2026/10/10 13:46:42,TRUE,TRUE,,
中原宏二郎,中川魁人,久保海飛,"長州13kwh特定負荷
メーカー20年保証
CUBE J","2,310,000",関東,"奥様子どもの面倒みてて同席できなかったけど多分大丈夫！
ナイスアポ！！
細かい方で粗利薄くて💦",久保海飛_Ambitious株式会社,2026/10/10 14:57:08,TRUE,TRUE,,
上野秀夫,伊井太陽,野中大生,長州13 aiko5.4kw,358万,関東,高齢の為、蓄電池厳しめでしたがパネル絡め何とか捲りました👍,野中大生,2026/10/10 14:58:50,TRUE,TRUE,,
五明大典,尾関鎮,川上留以,"シャープ蓄電池7.7kwh全負荷ハイブリッド
ガス給湯器","2,640,000円",東海,そらいろラボ、丸紅電力、HTBエナジー切替,川上 留以_スマートハウス推進統括本部,2026/10/10 15:55:02,TRUE,TRUE,,
服部清,木村瞭太,伊藤蓮,"シャープ7.7kwh
HEMS",2200000,東海,,伊藤蓮_スマートハウス推進統括本部,2026/10/10 15:57:02,TRUE,TRUE,,
出水万裕様,吉田龍吾,横山豪,長州産業蓄電池6.5kwh全負荷20年保証,"2,090,000",東海,,横山豪_スマートハウス推進統括本部,2026/10/10 17:30:31,TRUE,TRUE,,
岩崎貴之,伊井大陽,久保海飛,"長州13kwh特定負荷
メーカー20年保証
CUBEJ","2,640,000",関東,夫婦両面のナイスアポです！,久保海飛_Ambitious株式会社,2026/10/10 17:31:13,TRUE,TRUE,,
御手洗浩成,三好雄太,小林祐真,"長州蓄電池13kwh特定
メーカー20年保証","¥2,860,000",東海,,小林祐真_Ambitious株式会社,2026/10/10 18:51:58,FALSE,FALSE,,
大城 斉 オオシロ ヒサシ,井本 優良,伊木 裕二,,,,Cyzen獲得報告(2026-10-08 17:31)より補完・商品/金額は未入力,伊木裕二_Corest home,2026/10/08 17:31:47,,,10/9 18:00-19:00,
伊禮廣児 イレイコウジ,伊井 大陽,横田 哲士,ニチコン19.9 ヘムス,3080000,関東,Cyzen獲得報告(2026-10-08 13:48)より補完。9/16行は不出・再指定待ちのため除外し10/8成約として計上,横田哲士_LIVIONpartners,2026/10/08 13:48:42,,,本日の17:00〜18:00頃,
